1	вот	вот	PART	_	_	_	_	_	@vvp1934m-words#@vvp1934m#451.48#451.809
2	вы	вы	PRON	_	Case=Nom|Number=Plur|Person=2	_	_	_	@vvp1934m-words#@vvp1934m#451.809#452.138
3	как-то	как-то	ADV	_	Degree=Pos	_	_	_	@vvp1934m-words#@vvp1934m#452.138#452.467
4	кхм	кхй	ADJ	_	Case=Ins|Degree=Pos|Gender=Masc|Number=Sing	_	_	_	@vvp1934m-words#@vvp1934m#452.467#452.796
5	/	/	PUNCT	_	_	_	_	_	@vvp1934m-words#@vvp1934m#452.796#453.125
6	сказали	сказать	VERB	_	Aspect=Perf|Mood=Ind|Number=Plur|Tense=Past|VerbForm=Fin|Voice=Act	_	_	_	@vvp1934m-words#@vvp1934m#453.125#453.454
7	что	что	SCONJ	_	_	_	_	_	@vvp1934m-words#@vvp1934m#453.454#453.783
8	кхм	кх	ADJ	_	Case=Ins|Degree=Pos|Gender=Neut|Number=Sing	_	_	_	@vvp1934m-words#@vvp1934m#453.783#454.112
9	/	/	PUNCT	_	_	_	_	_	@vvp1934m-words#@vvp1934m#454.112#454.441
10	вы	вы	PRON	_	Case=Nom|Number=Plur|Person=2	_	_	_	@vvp1934m-words#@vvp1934m#454.441#454.77
11	можете	мочь	VERB	_	Aspect=Imp|Mood=Ind|Number=Plur|Person=2|Tense=Pres|VerbForm=Fin|Voice=Act	_	_	_	@vvp1934m-words#@vvp1934m#454.77#455.099
12	петь	петь	VERB	_	Aspect=Perf|VerbForm=Inf|Voice=Act	_	_	_	@vvp1934m-words#@vvp1934m#455.099#455.428
13	/	/	PUNCT	_	_	_	_	_	@vvp1934m-words#@vvp1934m#455.428#455.757
14	и	и	CCONJ	_	_	_	_	_	@vvp1934m-words#@vvp1934m#455.757#456.086
15	рок	рок	NOUN	_	Animacy=Inan|Case=Nom|Gender=Masc|Number=Sing	_	_	_	@vvp1934m-words#@vvp1934m#456.086#456.415
16	/	/	PUNCT	_	_	_	_	_	@vvp1934m-words#@vvp1934m#456.415#456.744
17	и	и	CCONJ	_	_	_	_	_	@vvp1934m-words#@vvp1934m#456.744#457.073
18	вы	вы	PRON	_	Case=Nom|Number=Plur|Person=2	_	_	_	@vvp1934m-words#@vvp1934m#457.073#457.402
19	можете	мочь	VERB	_	Aspect=Imp|Mood=Ind|Number=Plur|Person=2|Tense=Pres|VerbForm=Fin|Voice=Act	_	_	_	@vvp1934m-words#@vvp1934m#457.402#457.731
20	петь	петь	VERB	_	Aspect=Imp|VerbForm=Inf|Voice=Act	_	_	_	@vvp1934m-words#@vvp1934m#457.731#458.06
21	э	эра	X	_	Foreign=Yes	_	_	_	@vvp1934m-words#@vvp1934m#458.06#458.389
22	/	/	PUNCT	_	_	_	_	_	@vvp1934m-words#@vvp1934m#458.389#458.718
23	джаз	джаз	NOUN	_	Animacy=Inan|Case=Acc|Gender=Masc|Number=Sing	_	_	_	@vvp1934m-words#@vvp1934m#458.718#459.047
24	/	/	PUNCT	_	_	_	_	_	@vvp1934m-words#@vvp1934m#459.047#459.376
25	может	мочь	VERB	_	Aspect=Imp|Mood=Ind|Number=Sing|Person=3|Tense=Pres|VerbForm=Fin|Voice=Act	_	_	_	@vvp1934m-words#@vvp1934m#459.376#459.705
26	похуже	похудно	ADJ	_	Degree=Cmp	_	_	_	@vvp1934m-words#@vvp1934m#459.705#460.034
27	/	/	PUNCT	_	_	_	_	_	@vvp1934m-words#@vvp1934m#460.034#460.363
28	но	но	CCONJ	_	_	_	_	_	@vvp1934m-words#@vvp1934m#460.363#460.692
29	можете	мочь	VERB	_	Aspect=Imp|Mood=Ind|Number=Plur|Person=2|Tense=Pres|VerbForm=Fin|Voice=Act	_	_	_	@vvp1934m-words#@vvp1934m#460.692#461.021
30	/	/	PUNCT	_	_	_	_	_	@vvp1934m-words#@vvp1934m#461.021#461.35
31	это	это	PRON	_	Animacy=Inan|Case=Nom|Gender=Neut|Number=Sing	_	_	_	@vvp1934m-words#@vvp1934m#461.35#461.679
32	ваши	ваш	DET	_	Case=Nom|Number=Plur	_	_	_	@vvp1934m-words#@vvp1934m#461.679#462.008
33	слова	слово	NOUN	_	Animacy=Inan|Case=Nom|Gender=Neut|Number=Plur	_	_	_	@vvp1934m-words#@vvp1934m#462.008#462.35
34	эм	эй	NOUN	_	Animacy=Inan|Case=Gen|Gender=Fem|Number=Plur	_	_	_	@vvp1934m-words#@vvp1934m#462.83#463.452
35	поп	поп	NOUN	_	Animacy=Inan|Case=Gen|Gender=Fem|Number=Plur	_	_	_	@vvp1934m-words#@vvp1934m#463.452#464.074
36	/	/	PUNCT	_	_	_	_	_	@vvp1934m-words#@vvp1934m#464.074#464.696
37	лаунж	лаунж	PART	_	_	_	_	_	@vvp1934m-words#@vvp1934m#464.696#465.32
38	то	то	PRON	_	Animacy=Inan|Case=Nom|Gender=Neut|Number=Sing	_	_	_	@vvp1934m-words#@vvp1934m#465.95#466.22
39	есть	быть	VERB	_	Aspect=Imp|Mood=Ind|Number=Sing|Person=3|Tense=Pres|VerbForm=Fin|Voice=Act	_	_	_	@vvp1934m-words#@vvp1934m#466.22#466.49
40	в	в	ADP	_	_	_	_	_	@vvp1934m-words#@vvp1934m#466.49#466.76
41	общем	общий	ADJ	_	Case=Loc|Degree=Pos|Gender=Masc|Number=Sing	_	_	_	@vvp1934m-words#@vvp1934m#466.76#467.03
42	вам	вы	PRON	_	Case=Dat|Number=Plur|Person=2	_	_	_	@vvp1934m-words#@vvp1934m#467.03#467.3
43	подвластны	подвластный	ADJ	_	Degree=Pos|Number=Plur|Variant=Short	_	_	_	@vvp1934m-words#@vvp1934m#467.3#467.57
44	по	по	ADP	_	_	_	_	_	@vvp1934m-words#@vvp1934m#467.57#467.84
45	сути	суть	NOUN	_	Animacy=Inan|Case=Dat|Gender=Fem|Number=Sing	_	_	_	@vvp1934m-words#@vvp1934m#467.84#468.11
46	дела	дело	NOUN	_	Animacy=Inan|Case=Gen|Gender=Neut|Number=Sing	_	_	_	@vvp1934m-words#@vvp1934m#468.11#468.38
47	все	весь	DET	_	Case=Nom|Number=Plur	_	_	_	@vvp1934m-words#@vvp1934m#468.38#468.65
48	эти	этот	DET	_	Case=Nom|Number=Plur	_	_	_	@vvp1934m-words#@vvp1934m#468.65#468.92
49	жанры	жанр	NOUN	_	Animacy=Inan|Case=Nom|Gender=Masc|Number=Plur	_	_	_	@vvp1934m-words#@vvp1934m#468.92#469.2
50	и	и	CCONJ	_	_	_	_	_	@vvp1934m-words#@vvp1934m#469.61#470.142
51	/	/	PUNCT	_	_	_	_	_	@vvp1934m-words#@vvp1934m#470.142#470.674
52	м	метр	NOUN	_	Animacy=Inan|Case=Acc|Gender=Masc|Number=Sing	_	_	_	@vvp1934m-words#@vvp1934m#470.674#471.206
53	/	/	PUNCT	_	_	_	_	_	@vvp1934m-words#@vvp1934m#471.206#471.738
54	тс	тс	NOUN	_	Animacy=Inan|Case=Acc|Gender=Masc|Number=Sing	_	_	_	@vvp1934m-words#@vvp1934m#471.738#472.27
55	всё-таки	все-таки	PART	_	_	_	_	_	@vvp1934m-words#@vvp1934m#472.27#472.802
56	/	/	PUNCT	_	_	_	_	_	@vvp1934m-words#@vvp1934m#472.802#473.334
57	вас	вы	PRON	_	Case=Acc|Number=Plur|Person=2	_	_	_	@vvp1934m-words#@vvp1934m#473.334#473.866
58	называют	называть	VERB	_	Aspect=Imp|Mood=Ind|Number=Plur|Person=3|Tense=Pres|VerbForm=Fin|Voice=Act	_	_	_	@vvp1934m-words#@vvp1934m#473.866#474.398
59	рок-певицей	рок-певица	ADV	_	Degree=Pos	_	_	_	@vvp1934m-words#@vvp1934m#474.398#474.93
60	это	это	PRON	_	Animacy=Inan|Case=Nom|Gender=Neut|Number=Sing	_	_	_	@vvp1934m-words#@vvp1934m#475.37#475.793
61	правильно	правильный	ADJ	_	Degree=Pos|Gender=Neut|Number=Sing|Variant=Short	_	_	_	@vvp1934m-words#@vvp1934m#475.793#476.216
62	?	?	PUNCT	_	_	_	_	_	@vvp1934m-words#@vvp1934m#476.216#476.64
63	но	но	CCONJ	_	_	_	_	_	@vvp1934m-words#@vvp1934m#486.55#486.901
64	вам	вы	PRON	_	Case=Dat|Number=Plur|Person=2	_	_	_	@vvp1934m-words#@vvp1934m#486.901#487.252
65	нравится	нравиться	VERB	_	Aspect=Imp|Mood=Ind|Number=Sing|Person=3|Tense=Pres|VerbForm=Fin|Voice=Mid	_	_	_	@vvp1934m-words#@vvp1934m#487.252#487.603
66	рок	рок	NOUN	_	Animacy=Inan|Case=Nom|Gender=Masc|Number=Sing	_	_	_	@vvp1934m-words#@vvp1934m#487.603#487.954
67	больше	больше	ADV	_	Degree=Cmp	_	_	_	@vvp1934m-words#@vvp1934m#487.954#488.305
68	других	другой	ADJ	_	Case=Gen|Degree=Pos|Number=Plur	_	_	_	@vvp1934m-words#@vvp1934m#488.305#488.656
69	жанров	жанр	NOUN	_	Animacy=Inan|Case=Gen|Gender=Masc|Number=Plur	_	_	_	@vvp1934m-words#@vvp1934m#488.656#489.007
70	?	?	PUNCT	_	_	_	_	_	@vvp1934m-words#@vvp1934m#489.007#489.36
71	у	у	ADP	_	_	_	_	_	@vvp1934m-words#@vvp1934m#489.37#489.652
72	вас	вы	PRON	_	Case=Gen|Number=Plur|Person=2	_	_	_	@vvp1934m-words#@vvp1934m#489.652#489.934
73	есть	быть	VERB	_	Aspect=Imp|Mood=Ind|Number=Sing|Person=3|Tense=Pres|VerbForm=Fin|Voice=Act	_	_	_	@vvp1934m-words#@vvp1934m#489.934#490.216
74	какое-то	какой-то	DET	_	Case=Nom|Gender=Neut|Number=Sing	_	_	_	@vvp1934m-words#@vvp1934m#490.216#490.498
75	/	/	PUNCT	_	_	_	_	_	@vvp1934m-words#@vvp1934m#490.498#490.78
76	особое	особый	ADJ	_	Case=Nom|Degree=Pos|Gender=Neut|Number=Sing	_	_	_	@vvp1934m-words#@vvp1934m#490.78#491.062
77	к	к	ADP	_	_	_	_	_	@vvp1934m-words#@vvp1934m#491.062#491.344
78	нему	он	PRON	_	Case=Dat|Gender=Masc|Number=Sing|Person=3	_	_	_	@vvp1934m-words#@vvp1934m#491.344#491.626
79	отношение	отношение	NOUN	_	Animacy=Inan|Case=Nom|Gender=Neut|Number=Sing	_	_	_	@vvp1934m-words#@vvp1934m#491.626#491.908
80	?	?	PUNCT	_	_	_	_	_	@vvp1934m-words#@vvp1934m#491.908#492.19
81	просто	просто	PART	_	_	_	_	_	@vvp1934m-words#@vvp1934m#492.23#492.572
82	чтобы	чтобы	SCONJ	_	Mood=Cnd	_	_	_	@vvp1934m-words#@vvp1934m#492.572#492.914
83	вынести	вынести	VERB	_	Aspect=Perf|VerbForm=Inf|Voice=Act	_	_	_	@vvp1934m-words#@vvp1934m#492.914#493.256
84	это	это	PRON	_	Animacy=Inan|Case=Acc|Gender=Neut|Number=Sing	_	_	_	@vvp1934m-words#@vvp1934m#493.256#493.598
85	сразу	сразу	ADV	_	Degree=Pos	_	_	_	@vvp1934m-words#@vvp1934m#493.598#493.94
86	/	/	PUNCT	_	_	_	_	_	@vvp1934m-words#@vvp1934m#493.94#494.282
87	я	я	PRON	_	Case=Nom|Number=Sing|Person=1	_	_	_	@vvp1934m-words#@vvp1934m#494.282#494.624
88	например	например	ADV	_	Degree=Pos	_	_	_	@vvp1934m-words#@vvp1934m#494.624#494.966
89	/	/	PUNCT	_	_	_	_	_	@vvp1934m-words#@vvp1934m#494.966#495.308
90	аа	а	NOUN	_	Animacy=Inan|Case=Gen|Gender=Masc|Number=Sing	_	_	_	@vvp1934m-words#@vvp1934m#495.308#495.65
91	да	да	CCONJ	_	_	_	_	_	@vvp1934m-words#@vvp1934m#496.21#496.52
92	/	/	PUNCT	_	_	_	_	_	@vvp1934m-words#@vvp1934m#496.52#496.83
93	и	и	CCONJ	_	_	_	_	_	@vvp1934m-words#@vvp1934m#496.83#497.14
94	причём	причь	NOUN	_	Animacy=Inan|Case=Ins|Gender=Masc|Number=Sing	_	_	_	@vvp1934m-words#@vvp1934m#497.14#497.45
95	в	в	ADP	_	_	_	_	_	@vvp1934m-words#@vvp1934m#497.45#497.76
96	джазах	джаз	NOUN	_	Animacy=Inan|Case=Loc|Gender=Masc|Number=Plur	_	_	_	@vvp1934m-words#@vvp1934m#497.76#498.07
97	я	я	PRON	_	Case=Nom|Number=Sing|Person=1	_	_	_	@vvp1934m-words#@vvp1934m#498.07#498.38
98	люблю	любить	VERB	_	Aspect=Imp|Mood=Ind|Number=Sing|Person=1|Tense=Pres|VerbForm=Fin|Voice=Act	_	_	_	@vvp1934m-words#@vvp1934m#498.38#498.69
99	блюз	блюз	NOUN	_	Animacy=Inan|Case=Acc|Gender=Masc|Number=Sing	_	_	_	@vvp1934m-words#@vvp1934m#498.69#499.0
100	особенно	особенно	ADV	_	Degree=Pos	_	_	_	@vvp1934m-words#@vvp1934m#499.0#499.31
101	да	да	PART	_	_	_	_	_	@vvp1934m-words#@vvp1934m#499.31#499.62
102	?	?	PUNCT	_	_	_	_	_	@vvp1934m-words#@vvp1934m#499.62#499.93
103	ну	ну	PART	_	_	_	_	_	@vvp1934m-words#@vvp1934m#499.94#500.231
104	/	/	PUNCT	_	_	_	_	_	@vvp1934m-words#@vvp1934m#500.231#500.522
105	ладно	ладно	PART	_	_	_	_	_	@vvp1934m-words#@vvp1934m#500.522#500.813
106	/	/	PUNCT	_	_	_	_	_	@vvp1934m-words#@vvp1934m#500.813#501.104
107	так	так	ADV	_	Degree=Pos	_	_	_	@vvp1934m-words#@vvp1934m#501.104#501.395
108	вот	вот	PART	_	_	_	_	_	@vvp1934m-words#@vvp1934m#501.395#501.686
109	рок	рок	NOUN	_	Animacy=Inan|Case=Nom|Gender=Masc|Number=Sing	_	_	_	@vvp1934m-words#@vvp1934m#501.686#501.977
110	это	это	PRON	_	Animacy=Inan|Case=Nom|Gender=Neut|Number=Sing	_	_	_	@vvp1934m-words#@vvp1934m#501.977#502.268
111	для	для	ADP	_	_	_	_	_	@vvp1934m-words#@vvp1934m#502.268#502.559
112	вас	вы	PRON	_	Case=Gen|Number=Plur|Person=2	_	_	_	@vvp1934m-words#@vvp1934m#502.559#502.85
113	номер	номер	NOUN	_	Animacy=Inan|Case=Nom|Gender=Masc|Number=Sing	_	_	_	@vvp1934m-words#@vvp1934m#502.85#503.141
114	один	один	NUM	_	Case=Nom|Gender=Masc	_	_	_	@vvp1934m-words#@vvp1934m#503.141#503.432
115	/	/	PUNCT	_	_	_	_	_	@vvp1934m-words#@vvp1934m#503.432#503.723
116	или	или	CCONJ	_	_	_	_	_	@vvp1934m-words#@vvp1934m#503.723#504.014
117	не	не	PART	_	_	_	_	_	@vvp1934m-words#@vvp1934m#504.014#504.305
118	обязательно	обязательно	ADV	_	Degree=Pos	_	_	_	@vvp1934m-words#@vvp1934m#504.305#504.596
119	?	?	PUNCT	_	_	_	_	_	@vvp1934m-words#@vvp1934m#504.596#504.9
120	рок	рок	NOUN	_	Animacy=Inan|Case=Nom|Gender=Masc|Number=Sing	_	_	_	@vvp1934m-words#@vvp1934m#525.24#525.613
121	всё-таки	все-таки	PART	_	_	_	_	_	@vvp1934m-words#@vvp1934m#525.613#525.986
122	родился	рождаться	VERB	_	Aspect=Perf|Gender=Masc|Mood=Ind|Number=Sing|Tense=Past|VerbForm=Fin|Voice=Mid	_	_	_	@vvp1934m-words#@vvp1934m#525.986#526.359
123	/	/	PUNCT	_	_	_	_	_	@vvp1934m-words#@vvp1934m#526.359#526.732
124	я	я	PRON	_	Case=Nom|Number=Sing|Person=1	_	_	_	@vvp1934m-words#@vvp1934m#526.732#527.105
125	даже	даже	PART	_	_	_	_	_	@vvp1934m-words#@vvp1934m#527.105#527.478
126	помню	помнить	VERB	_	Aspect=Imp|Mood=Ind|Number=Sing|Person=1|Tense=Pres|VerbForm=Fin|Voice=Act	_	_	_	@vvp1934m-words#@vvp1934m#527.478#527.851
127	как	как	SCONJ	_	_	_	_	_	@vvp1934m-words#@vvp1934m#527.851#528.224
128	он	он	PRON	_	Case=Nom|Gender=Masc|Number=Sing|Person=3	_	_	_	@vvp1934m-words#@vvp1934m#528.224#528.597
129	родился	рождаться	VERB	_	Aspect=Perf|Gender=Masc|Mood=Ind|Number=Sing|Tense=Past|VerbForm=Fin|Voice=Mid	_	_	_	@vvp1934m-words#@vvp1934m#528.597#528.97
130	я	я	PRON	_	Case=Nom|Number=Sing|Person=1	_	_	_	@vvp1934m-words#@vvp1934m#529.17#529.584
131	такой	такой	DET	_	Case=Nom|Gender=Masc|Number=Sing	_	_	_	@vvp1934m-words#@vvp1934m#529.584#529.998
132	немолодой	немолодой	ADJ	_	Case=Nom|Degree=Pos|Gender=Masc|Number=Sing	_	_	_	@vvp1934m-words#@vvp1934m#529.998#530.412
133	человек	человек	NOUN	_	Animacy=Anim|Case=Nom|Gender=Masc|Number=Sing	_	_	_	@vvp1934m-words#@vvp1934m#530.412#530.826
134	что	что	SCONJ	_	_	_	_	_	@vvp1934m-words#@vvp1934m#530.826#531.24
135	это	это	PRON	_	Animacy=Inan|Case=Nom|Gender=Neut|Number=Sing	_	_	_	@vvp1934m-words#@vvp1934m#531.24#531.654
136	помню	помнить	VERB	_	Aspect=Imp|Mood=Ind|Number=Sing|Person=1|Tense=Pres|VerbForm=Fin|Voice=Act	_	_	_	@vvp1934m-words#@vvp1934m#531.654#532.07
137	он	он	PRON	_	Case=Nom|Gender=Masc|Number=Sing|Person=3	_	_	_	@vvp1934m-words#@vvp1934m#532.59#533.001
138	родился	рождаться	VERB	_	Aspect=Perf|Gender=Masc|Mood=Ind|Number=Sing|Tense=Past|VerbForm=Fin|Voice=Mid	_	_	_	@vvp1934m-words#@vvp1934m#533.001#533.412
139	/	/	PUNCT	_	_	_	_	_	@vvp1934m-words#@vvp1934m#533.412#533.823
140	конечно	конечно	ADV	_	Degree=Pos	_	_	_	@vvp1934m-words#@vvp1934m#533.823#534.234
141	как	как	SCONJ	_	_	_	_	_	@vvp1934m-words#@vvp1934m#534.234#534.645
142	протест	протест	NOUN	_	Animacy=Inan|Case=Nom|Gender=Masc|Number=Sing	_	_	_	@vvp1934m-words#@vvp1934m#534.645#535.06
143	это	это	PRON	_	Animacy=Inan|Case=Nom|Gender=Neut|Number=Sing	_	_	_	@vvp1934m-words#@vvp1934m#535.24#535.675
144	была	быть	AUX	_	Aspect=Imp|Gender=Fem|Mood=Ind|Number=Sing|Tense=Past|VerbForm=Fin|Voice=Act	_	_	_	@vvp1934m-words#@vvp1934m#535.675#536.11
145	протестная	протестный	ADJ	_	Case=Nom|Degree=Pos|Gender=Fem|Number=Sing	_	_	_	@vvp1934m-words#@vvp1934m#536.11#536.545
146	музыка	музыка	NOUN	_	Animacy=Inan|Case=Nom|Gender=Fem|Number=Sing	_	_	_	@vvp1934m-words#@vvp1934m#536.545#536.98
147	причём	причь	NOUN	_	Animacy=Inan|Case=Ins|Gender=Masc|Number=Sing	_	_	_	@vvp1934m-words#@vvp1934m#537.52#537.83
148	/	/	PUNCT	_	_	_	_	_	@vvp1934m-words#@vvp1934m#537.83#538.14
149	и	и	CCONJ	_	_	_	_	_	@vvp1934m-words#@vvp1934m#538.14#538.45
150	музыка	музыка	NOUN	_	Animacy=Inan|Case=Nom|Gender=Fem|Number=Sing	_	_	_	@vvp1934m-words#@vvp1934m#538.45#538.76
151	и	и	CCONJ	_	_	_	_	_	@vvp1934m-words#@vvp1934m#538.76#539.07
152	слова	слово	NOUN	_	Animacy=Inan|Case=Nom|Gender=Neut|Number=Plur	_	_	_	@vvp1934m-words#@vvp1934m#539.07#539.38
153	были	быть	AUX	_	Aspect=Imp|Mood=Ind|Number=Plur|Tense=Past|VerbForm=Fin|Voice=Act	_	_	_	@vvp1934m-words#@vvp1934m#539.38#539.69
154	протестными	протестный	ADJ	_	Case=Ins|Degree=Pos|Number=Plur	_	_	_	@vvp1934m-words#@vvp1934m#539.69#540.0
155	/	/	PUNCT	_	_	_	_	_	@vvp1934m-words#@vvp1934m#540.0#540.31
156	а	а	CCONJ	_	_	_	_	_	@vvp1934m-words#@vvp1934m#540.31#540.62
157	не	не	PART	_	_	_	_	_	@vvp1934m-words#@vvp1934m#540.62#540.93
158	просто	просто	PART	_	_	_	_	_	@vvp1934m-words#@vvp1934m#540.93#541.24
159	что-то	что-то	PRON	_	Case=Nom	_	_	_	@vvp1934m-words#@vvp1934m#541.24#541.55
160	одно	один	DET	_	Case=Nom|Degree=Pos|Gender=Neut|Number=Sing	_	_	_	@vvp1934m-words#@vvp1934m#541.55#541.87
161	пока	пока	ADV	_	Degree=Pos	_	_	_	@vvp1934m-words#@vvp1934m#542.93#543.312
162	/	/	PUNCT	_	_	_	_	_	@vvp1934m-words#@vvp1934m#543.312#543.694
163	это	это	PRON	_	Animacy=Inan|Case=Nom|Gender=Neut|Number=Sing	_	_	_	@vvp1934m-words#@vvp1934m#543.694#544.076
164	не	не	PART	_	_	_	_	_	@vvp1934m-words#@vvp1934m#544.076#544.458
165	стало	стать	VERB	_	Aspect=Perf|Gender=Neut|Mood=Ind|Number=Sing|Tense=Past|VerbForm=Fin|Voice=Mid	_	_	_	@vvp1934m-words#@vvp1934m#544.458#544.84
166	очень	очень	ADV	_	Degree=Pos	_	_	_	@vvp1934m-words#@vvp1934m#544.84#545.222
167	модным	модный	ADJ	_	Case=Ins|Degree=Pos|Gender=Neut|Number=Sing	_	_	_	@vvp1934m-words#@vvp1934m#545.222#545.61
168	то	то	PRON	_	Animacy=Inan|Case=Nom|Gender=Neut|Number=Sing	_	_	_	@vvp1934m-words#@vvp1934m#546.72#547.145
169	есть	быть	VERB	_	Aspect=Imp|Mood=Ind|Number=Sing|Person=3|Tense=Pres|VerbForm=Fin|Voice=Act	_	_	_	@vvp1934m-words#@vvp1934m#547.145#547.57
170	когда	когда	SCONJ	_	_	_	_	_	@vvp1934m-words#@vvp1934m#547.57#547.995
171	рок-музыкант	рок-музыкант	NOUN	_	Animacy=Inan|Case=Nom|Gender=Masc|Number=Sing	_	_	_	@vvp1934m-words#@vvp1934m#547.995#548.42
172	стал	стать	VERB	_	Aspect=Perf|Gender=Masc|Mood=Ind|Number=Sing|Tense=Past|VerbForm=Fin|Voice=Mid	_	_	_	@vvp1934m-words#@vvp1934m#548.42#548.845
173	э	эра	INTJ	_	_	_	_	_	@vvp1934m-words#@vvp1934m#548.845#549.27
174	собирать	собирать	VERB	_	Aspect=Imp|VerbForm=Inf|Voice=Act	_	_	_	@vvp1934m-words#@vvp1934m#549.27#549.695
175	стадионы	стадион	NOUN	_	Animacy=Inan|Case=Acc|Gender=Masc|Number=Plur	_	_	_	@vvp1934m-words#@vvp1934m#549.695#550.12
176	/	/	PUNCT	_	_	_	_	_	@vvp1934m-words#@vvp1934m#550.12#550.545
177	и	и	CCONJ	_	_	_	_	_	@vvp1934m-words#@vvp1934m#550.545#550.97
178	зарабатывать	зарабатывать	VERB	_	Aspect=Imp|VerbForm=Inf|Voice=Act	_	_	_	@vvp1934m-words#@vvp1934m#550.97#551.395
179	ст...	ст..траница	PROPN	_	Animacy=Anim|Case=Dat|Gender=Fem|Number=Sing	_	_	_	@vvp1934m-words#@vvp1934m#551.395#551.82
180	сотни	сотня	NOUN	_	Animacy=Inan|Case=Acc|Gender=Fem|Number=Plur	_	_	_	@vvp1934m-words#@vvp1934m#551.82#552.245
181	тысяч	тысяча	NOUN	_	Animacy=Inan|Case=Gen|Gender=Fem|Number=Plur	_	_	_	@vvp1934m-words#@vvp1934m#552.245#552.67
182	людей	человек	NOUN	_	Animacy=Anim|Case=Gen|Gender=Masc|Number=Plur	_	_	_	@vvp1934m-words#@vvp1934m#552.67#553.095
183	/	/	PUNCT	_	_	_	_	_	@vvp1934m-words#@vvp1934m#553.095#553.52
184	или	или	CCONJ	_	_	_	_	_	@vvp1934m-words#@vvp1934m#553.52#553.945
185	десятки	десяток	NOUN	_	Animacy=Inan|Case=Acc|Gender=Masc|Number=Plur	_	_	_	@vvp1934m-words#@vvp1934m#553.945#554.37
186	тысяч	тысяча	NOUN	_	Animacy=Inan|Case=Gen|Gender=Fem|Number=Plur	_	_	_	@vvp1934m-words#@vvp1934m#554.37#554.795
187	/	/	PUNCT	_	_	_	_	_	@vvp1934m-words#@vvp1934m#554.795#555.22
188	а	а	CCONJ	_	_	_	_	_	@vvp1934m-words#@vvp1934m#555.22#555.645
189	зарабатывать	зарабатывать	VERB	_	Aspect=Imp|VerbForm=Inf|Voice=Act	_	_	_	@vvp1934m-words#@vvp1934m#555.645#556.07
190	миллионы	миллион	NOUN	_	Animacy=Inan|Case=Acc|Gender=Masc|Number=Plur	_	_	_	@vvp1934m-words#@vvp1934m#556.07#556.51
191	а	а	CCONJ	_	_	_	_	_	@vvp1934m-words#@vvp1934m#557.07#557.44
192	/	/	PUNCT	_	_	_	_	_	@vvp1934m-words#@vvp1934m#557.44#557.81
193	человек	человек	NOUN	_	Animacy=Anim|Case=Nom|Gender=Masc|Number=Sing	_	_	_	@vvp1934m-words#@vvp1934m#557.81#558.18
194	который	который	PRON	_	Case=Nom	_	_	_	@vvp1934m-words#@vvp1934m#558.18#558.55
195	зарабатывает	зарабатывать	VERB	_	Aspect=Imp|Mood=Ind|Number=Sing|Person=3|Tense=Pres|VerbForm=Fin|Voice=Act	_	_	_	@vvp1934m-words#@vvp1934m#558.55#558.92
196	миллионы	миллион	NOUN	_	Animacy=Inan|Case=Acc|Gender=Masc|Number=Plur	_	_	_	@vvp1934m-words#@vvp1934m#558.92#559.29
197	уже	уже	ADV	_	Degree=Pos	_	_	_	@vvp1934m-words#@vvp1934m#559.29#559.66
198	не	не	PART	_	_	_	_	_	@vvp1934m-words#@vvp1934m#559.66#560.03
199	может	мочь	VERB	_	Aspect=Imp|Mood=Ind|Number=Sing|Person=3|Tense=Pres|VerbForm=Fin|Voice=Act	_	_	_	@vvp1934m-words#@vvp1934m#560.03#560.4
200	быть	быть	AUX	_	Aspect=Imp|VerbForm=Inf|Voice=Act	_	_	_	@vvp1934m-words#@vvp1934m#560.4#560.77
201	протестным	протестный	ADJ	_	Case=Ins|Degree=Pos|Gender=Neut|Number=Sing	_	_	_	@vvp1934m-words#@vvp1934m#560.77#561.14
202	/	/	PUNCT	_	_	_	_	_	@vvp1934m-words#@vvp1934m#561.14#561.51
203	это	это	PRON	_	Animacy=Inan|Case=Nom|Gender=Neut|Number=Sing	_	_	_	@vvp1934m-words#@vvp1934m#561.51#561.88
204	это	это	PRON	_	Animacy=Inan|Case=Nom|Gender=Neut|Number=Sing	_	_	_	@vvp1934m-words#@vvp1934m#561.88#562.25
205	не	не	PART	_	_	_	_	_	@vvp1934m-words#@vvp1934m#562.25#562.62
206	монтируется	монтировать	VERB	_	Aspect=Imp|Mood=Ind|Number=Sing|Person=3|Tense=Pres|VerbForm=Fin|Voice=Mid	_	_	_	@vvp1934m-words#@vvp1934m#562.62#563.0
207	вот	вот	PART	_	_	_	_	_	@vvp1934m-words#@vvp1934m#565.58#566.23
208	вот	вот	PART	_	_	_	_	_	@vvp1934m-words#@vvp1934m#568.58#568.958
209	нее	она	PRON	_	Case=Acc|Gender=Fem|Number=Sing|Person=3	_	_	_	@vvp1934m-words#@vvp1934m#568.958#569.336
210	/	/	PUNCT	_	_	_	_	_	@vvp1934m-words#@vvp1934m#569.336#569.714
211	вот	вот	PART	_	_	_	_	_	@vvp1934m-words#@vvp1934m#569.714#570.092
212	да	да	PART	_	_	_	_	_	@vvp1934m-words#@vvp1934m#570.092#570.47
213	а	а	PART	_	_	_	_	_	@vvp1934m-words#@vvp1934m#570.54#570.855
214	потому	потому	ADV	_	Degree=Pos	_	_	_	@vvp1934m-words#@vvp1934m#570.855#571.17
215	что	что	SCONJ	_	_	_	_	_	@vvp1934m-words#@vvp1934m#571.17#571.485
216	конечно	конечно	ADV	_	Degree=Pos	_	_	_	@vvp1934m-words#@vvp1934m#571.485#571.8
217	/	/	PUNCT	_	_	_	_	_	@vvp1934m-words#@vvp1934m#571.8#572.115
218	ээ	ээ	INTJ	_	_	_	_	_	@vvp1934m-words#@vvp1934m#572.115#572.43
219	/	/	PUNCT	_	_	_	_	_	@vvp1934m-words#@vvp1934m#572.43#572.745
220	там	там	ADV	_	Degree=Pos	_	_	_	@vvp1934m-words#@vvp1934m#572.745#573.06
221	/	/	PUNCT	_	_	_	_	_	@vvp1934m-words#@vvp1934m#573.06#573.375
222	те	тот	DET	_	Case=Nom|Number=Plur	_	_	_	@vvp1934m-words#@vvp1934m#573.375#573.69
223	же	же	PART	_	_	_	_	_	@vvp1934m-words#@vvp1934m#573.69#574.005
224	Rolling	Rolling	PROPN	_	Foreign=Yes	_	_	_	@vvp1934m-words#@vvp1934m#574.005#574.32
225	Stones	Stones	PROPN	_	Foreign=Yes	_	_	_	@vvp1934m-words#@vvp1934m#574.32#574.635
226	/	/	PUNCT	_	_	_	_	_	@vvp1934m-words#@vvp1934m#574.635#574.95
227	которые	который	PRON	_	Case=Acc	_	_	_	@vvp1934m-words#@vvp1934m#574.95#575.265
228	я	я	PRON	_	Case=Nom|Number=Sing|Person=1	_	_	_	@vvp1934m-words#@vvp1934m#575.265#575.58
229	/	/	PUNCT	_	_	_	_	_	@vvp1934m-words#@vvp1934m#575.58#575.895
230	вполне	вполне	ADV	_	Degree=Pos	_	_	_	@vvp1934m-words#@vvp1934m#575.895#576.21
231	/	/	PUNCT	_	_	_	_	_	@vvp1934m-words#@vvp1934m#576.21#576.525
232	люблю	любить	NOUN	_	Animacy=Inan|Case=Acc|Gender=Fem|Number=Sing	_	_	_	@vvp1934m-words#@vvp1934m#576.525#576.84
233	/	/	PUNCT	_	_	_	_	_	@vvp1934m-words#@vvp1934m#576.84#577.155
234	но	но	CCONJ	_	_	_	_	_	@vvp1934m-words#@vvp1934m#577.155#577.47
235	это	это	PRON	_	Animacy=Inan|Case=Nom|Gender=Neut|Number=Sing	_	_	_	@vvp1934m-words#@vvp1934m#577.47#577.785
236	уже	уже	ADV	_	Degree=Pos	_	_	_	@vvp1934m-words#@vvp1934m#577.785#578.1
237	совсем	совсем	ADV	_	Degree=Pos	_	_	_	@vvp1934m-words#@vvp1934m#578.1#578.415
238	другое	другой	ADJ	_	Case=Nom|Degree=Pos|Gender=Neut|Number=Sing	_	_	_	@vvp1934m-words#@vvp1934m#578.415#578.73
239	дело	дело	NOUN	_	Animacy=Inan|Case=Nom|Gender=Neut|Number=Sing	_	_	_	@vvp1934m-words#@vvp1934m#578.73#579.05
240	а	а	CCONJ	_	_	_	_	_	@vvp1934m-words#@vvp1934m#579.18#579.495
241	?	?	PUNCT	_	_	_	_	_	@vvp1934m-words#@vvp1934m#579.495#579.81
242	да	да	PART	_	_	_	_	_	@vvp1934m-words#@vvp1934m#580.34#580.9
243	нет	нет	VERB	_	Aspect=Imp|Mood=Ind|Number=Sing|Person=3|Tense=Pres|VerbForm=Fin|Voice=Act	_	_	_	@vvp1934m-words#@vvp1934m#581.25#581.519
244	это	это	PRON	_	Animacy=Inan|Case=Nom|Gender=Neut|Number=Sing	_	_	_	@vvp1934m-words#@vvp1934m#581.519#581.788
245	рок	рок	NOUN	_	Animacy=Inan|Case=Nom|Gender=Masc|Number=Sing	_	_	_	@vvp1934m-words#@vvp1934m#581.788#582.057
246	/	/	PUNCT	_	_	_	_	_	@vvp1934m-words#@vvp1934m#582.057#582.326
247	это	это	PRON	_	Animacy=Inan|Case=Nom|Gender=Neut|Number=Sing	_	_	_	@vvp1934m-words#@vvp1934m#582.326#582.595
248	рок	рок	NOUN	_	Animacy=Inan|Case=Nom|Gender=Masc|Number=Sing	_	_	_	@vvp1934m-words#@vvp1934m#582.595#582.864
249	/	/	PUNCT	_	_	_	_	_	@vvp1934m-words#@vvp1934m#582.864#583.133
250	но	но	CCONJ	_	_	_	_	_	@vvp1934m-words#@vvp1934m#583.133#583.402
251	это	это	PRON	_	Animacy=Inan|Case=Nom|Gender=Neut|Number=Sing	_	_	_	@vvp1934m-words#@vvp1934m#583.402#583.671
252	уже	уже	ADV	_	Degree=Pos	_	_	_	@vvp1934m-words#@vvp1934m#583.671#583.94
253	не	не	PART	_	_	_	_	_	@vvp1934m-words#@vvp1934m#583.94#584.209
254	протест	протест	NOUN	_	Animacy=Inan|Case=Nom|Gender=Masc|Number=Sing	_	_	_	@vvp1934m-words#@vvp1934m#584.209#584.478
255	/	/	PUNCT	_	_	_	_	_	@vvp1934m-words#@vvp1934m#584.478#584.747
256	это	это	PRON	_	Animacy=Inan|Case=Nom|Gender=Neut|Number=Sing	_	_	_	@vvp1934m-words#@vvp1934m#584.747#585.016
257	совсем	совсем	ADV	_	Degree=Pos	_	_	_	@vvp1934m-words#@vvp1934m#585.016#585.285
258	другое	другой	ADJ	_	Case=Nom|Degree=Pos|Gender=Neut|Number=Sing	_	_	_	@vvp1934m-words#@vvp1934m#585.285#585.56
259	да	да	CCONJ	_	_	_	_	_	@vvp1934m-words#@vvp1934m#586.64#587.126
260	/	/	PUNCT	_	_	_	_	_	@vvp1934m-words#@vvp1934m#587.126#587.612
261	конечно	конечно	ADV	_	Degree=Pos	_	_	_	@vvp1934m-words#@vvp1934m#587.612#588.098
262	/	/	PUNCT	_	_	_	_	_	@vvp1934m-words#@vvp1934m#588.098#588.584
263	конечно	конечно	ADV	_	Degree=Pos	_	_	_	@vvp1934m-words#@vvp1934m#588.584#589.07
264	да	да	PART	_	_	_	_	_	@vvp1934m-words#@vvp1934m#594.74#594.966
265	ну	ну	PART	_	_	_	_	_	@vvp1934m-words#@vvp1934m#594.966#595.192
266	?	?	PUNCT	_	_	_	_	_	@vvp1934m-words#@vvp1934m#595.192#595.42
267	нет	нет	VERB	_	Aspect=Imp|Mood=Ind|Number=Sing|Person=3|Tense=Pres|VerbForm=Fin|Voice=Act	_	_	_	@vvp1934m-words#@vvp1934m#598.27#598.572
268	ну	ну	PART	_	_	_	_	_	@vvp1934m-words#@vvp1934m#598.572#598.874
269	/	/	PUNCT	_	_	_	_	_	@vvp1934m-words#@vvp1934m#598.874#599.176
270	протест	протест	NOUN	_	Animacy=Inan|Case=Nom|Gender=Masc|Number=Sing	_	_	_	@vvp1934m-words#@vvp1934m#599.176#599.478
271	э	эра	X	_	Foreign=Yes	_	_	_	@vvp1934m-words#@vvp1934m#599.478#599.78
272	э	эра	X	_	Foreign=Yes	_	_	_	@vvp1934m-words#@vvp1934m#599.8#600.117
273	/	/	PUNCT	_	_	_	_	_	@vvp1934m-words#@vvp1934m#600.117#600.434
274	ну	ну	PART	_	_	_	_	_	@vvp1934m-words#@vvp1934m#600.434#600.751
275	/	/	PUNCT	_	_	_	_	_	@vvp1934m-words#@vvp1934m#600.751#601.068
276	смотрите	смотреть	VERB	_	Aspect=Imp|Mood=Imp|Number=Plur|Person=2|VerbForm=Fin|Voice=Act	_	_	_	@vvp1934m-words#@vvp1934m#601.068#601.385
277	после	после	ADP	_	_	_	_	_	@vvp1934m-words#@vvp1934m#601.385#601.702
278	рока	рок	NOUN	_	Animacy=Inan|Case=Gen|Gender=Masc|Number=Sing	_	_	_	@vvp1934m-words#@vvp1934m#601.702#602.02
279	когда	когда	SCONJ	_	_	_	_	_	@vvp1934m-words#@vvp1934m#602.72#602.972
280	рок	рок	NOUN	_	Animacy=Inan|Case=Nom|Gender=Masc|Number=Sing	_	_	_	@vvp1934m-words#@vvp1934m#602.972#603.224
281	стал	стать	VERB	_	Aspect=Perf|Gender=Masc|Mood=Ind|Number=Sing|Tense=Past|VerbForm=Fin|Voice=Mid	_	_	_	@vvp1934m-words#@vvp1934m#603.224#603.476
282	таким	такой	DET	_	Case=Ins|Gender=Masc|Number=Sing	_	_	_	@vvp1934m-words#@vvp1934m#603.476#603.728
283	/	/	PUNCT	_	_	_	_	_	@vvp1934m-words#@vvp1934m#603.728#603.98
284	как	как	ADV	_	Degree=Pos	_	_	_	@vvp1934m-words#@vvp1934m#603.98#604.232
285	бы	бы	AUX	_	_	_	_	_	@vvp1934m-words#@vvp1934m#604.232#604.484
286	сказать	сказать	VERB	_	Aspect=Perf|VerbForm=Inf|Voice=Act	_	_	_	@vvp1934m-words#@vvp1934m#604.484#604.736
287	/	/	PUNCT	_	_	_	_	_	@vvp1934m-words#@vvp1934m#604.736#604.988
288	приличным	приличный	ADJ	_	Case=Ins|Degree=Pos|Gender=Neut|Number=Sing	_	_	_	@vvp1934m-words#@vvp1934m#604.988#605.24
289	что	что	PRON	_	Case=Acc	_	_	_	@vvp1934m-words#@vvp1934m#605.24#605.492
290	ли	ли	PART	_	_	_	_	_	@vvp1934m-words#@vvp1934m#605.492#605.744
291	/	/	PUNCT	_	_	_	_	_	@vvp1934m-words#@vvp1934m#605.744#605.996
292	ну	ну	PART	_	_	_	_	_	@vvp1934m-words#@vvp1934m#605.996#606.248
293	не	не	PART	_	_	_	_	_	@vvp1934m-words#@vvp1934m#606.248#606.5
294	знаю	знать	VERB	_	Aspect=Imp|Mood=Ind|Number=Sing|Person=1|Tense=Pres|VerbForm=Fin|Voice=Act	_	_	_	@vvp1934m-words#@vvp1934m#606.5#606.752
295	как	как	ADV	_	Degree=Pos	_	_	_	@vvp1934m-words#@vvp1934m#606.752#607.004
296	это	это	PRON	_	Animacy=Inan|Case=Acc|Gender=Neut|Number=Sing	_	_	_	@vvp1934m-words#@vvp1934m#607.004#607.256
297	лучше	хорошо	ADV	_	Degree=Cmp	_	_	_	@vvp1934m-words#@vvp1934m#607.256#607.508
298	сказать	сказать	VERB	_	Aspect=Perf|VerbForm=Inf|Voice=Act	_	_	_	@vvp1934m-words#@vvp1934m#607.508#607.76
299	ну	ну	PART	_	_	_	_	_	@vvp1934m-words#@vvp1934m#607.91#608.241
300	/	/	PUNCT	_	_	_	_	_	@vvp1934m-words#@vvp1934m#608.241#608.572
301	таким	такой	DET	_	Case=Ins|Gender=Masc|Number=Sing	_	_	_	@vvp1934m-words#@vvp1934m#608.572#608.903
302	не	не	PART	_	_	_	_	_	@vvp1934m-words#@vvp1934m#608.903#609.234
303	протестным	протестный	ADJ	_	Case=Ins|Degree=Pos|Gender=Masc|Number=Sing	_	_	_	@vvp1934m-words#@vvp1934m#609.234#609.565
304	/	/	PUNCT	_	_	_	_	_	@vvp1934m-words#@vvp1934m#609.565#609.896
305	скажем	сказать	VERB	_	Aspect=Perf|Mood=Ind|Number=Plur|Person=1|Tense=Fut|VerbForm=Fin|Voice=Act	_	_	_	@vvp1934m-words#@vvp1934m#609.896#610.227
306	хотя	хотя	PART	_	_	_	_	_	@vvp1934m-words#@vvp1934m#610.227#610.558
307	бы	бы	PART	_	_	_	_	_	@vvp1934m-words#@vvp1934m#610.558#610.889
308	так	так	ADV	_	Degree=Pos	_	_	_	@vvp1934m-words#@vvp1934m#610.889#611.22
309	/	/	PUNCT	_	_	_	_	_	@vvp1934m-words#@vvp1934m#611.22#611.551
310	появился	появиться	VERB	_	Aspect=Perf|Gender=Masc|Mood=Ind|Number=Sing|Tense=Past|VerbForm=Fin|Voice=Mid	_	_	_	@vvp1934m-words#@vvp1934m#611.551#611.882
311	панк	панк	NOUN	_	Animacy=Inan|Case=Nom|Gender=Masc|Number=Sing	_	_	_	@vvp1934m-words#@vvp1934m#611.882#612.22
312	да	да	PART	_	_	_	_	_	@vvp1934m-words#@vvp1934m#612.97#613.28
313	?	?	PUNCT	_	_	_	_	_	@vvp1934m-words#@vvp1934m#613.28#613.59
314	/	/	PUNCT	_	_	_	_	_	@vvp1934m-words#@vvp1934m#613.59#613.9
315	панк	панк	NOUN	_	Animacy=Anim|Case=Nom|Gender=Masc|Number=Sing	_	_	_	@vvp1934m-words#@vvp1934m#613.9#614.21
316	значит	значить	VERB	_	Aspect=Imp|Mood=Ind|Number=Sing|Person=3|Tense=Pres|VerbForm=Fin|Voice=Act	_	_	_	@vvp1934m-words#@vvp1934m#614.27#614.661
317	/	/	PUNCT	_	_	_	_	_	@vvp1934m-words#@vvp1934m#614.661#615.052
318	на	на	ADP	_	_	_	_	_	@vvp1934m-words#@vvp1934m#615.052#615.443
319	мой	мой	DET	_	Case=Acc|Gender=Masc|Number=Sing	_	_	_	@vvp1934m-words#@vvp1934m#615.443#615.834
320	взгляд	взгляд	NOUN	_	Animacy=Inan|Case=Acc|Gender=Masc|Number=Sing	_	_	_	@vvp1934m-words#@vvp1934m#615.834#616.225
321	/	/	PUNCT	_	_	_	_	_	@vvp1934m-words#@vvp1934m#616.225#616.616
322	там	там	ADV	_	Degree=Pos	_	_	_	@vvp1934m-words#@vvp1934m#616.616#617.007
323	уже	уже	ADV	_	Degree=Pos	_	_	_	@vvp1934m-words#@vvp1934m#617.007#617.398
324	и	и	PART	_	_	_	_	_	@vvp1934m-words#@vvp1934m#617.398#617.789
325	музыки	музыка	NOUN	_	Animacy=Inan|Case=Gen|Gender=Fem|Number=Sing	_	_	_	@vvp1934m-words#@vvp1934m#617.789#618.18
326	нет	нет	VERB	_	Aspect=Imp|Mood=Ind|Number=Sing|Person=3|Tense=Pres|VerbForm=Fin|Voice=Act	_	_	_	@vvp1934m-words#@vvp1934m#618.18#618.571
327	никакой	никакой	DET	_	Case=Gen|Gender=Fem|Number=Sing	_	_	_	@vvp1934m-words#@vvp1934m#618.571#618.97
328	нет	нет	VERB	_	Aspect=Imp|Mood=Ind|Number=Sing|Person=3|Tense=Pres|VerbForm=Fin|Voice=Act	_	_	_	@vvp1934m-words#@vvp1934m#619.28#619.725
329	ничего	ничто	PRON	_	Case=Gen	_	_	_	@vvp1934m-words#@vvp1934m#619.725#620.17
330	да	да	PART	_	_	_	_	_	@vvp1934m-words#@vvp1934m#620.24#620.476
331	/	/	PUNCT	_	_	_	_	_	@vvp1934m-words#@vvp1934m#620.476#620.712
332	ну	ну	PART	_	_	_	_	_	@vvp1934m-words#@vvp1934m#620.712#620.948
333	есть	быть	VERB	_	Aspect=Imp|Mood=Ind|Number=Sing|Person=3|Tense=Pres|VerbForm=Fin|Voice=Act	_	_	_	@vvp1934m-words#@vvp1934m#620.948#621.184
334	вот	вот	PART	_	_	_	_	_	@vvp1934m-words#@vvp1934m#621.184#621.42
335	вот	вот	PART	_	_	_	_	_	@vvp1934m-words#@vvp1934m#621.42#621.66
336	но	но	CCONJ	_	_	_	_	_	@vvp1934m-words#@vvp1934m#622.0#622.395
337	потом	потом	ADV	_	Degree=Pos	_	_	_	@vvp1934m-words#@vvp1934m#622.395#622.79
338	панк	панк	NOUN	_	Animacy=Inan|Case=Nom|Gender=Masc|Number=Sing	_	_	_	@vvp1934m-words#@vvp1934m#622.79#623.185
339	стал	стать	VERB	_	Aspect=Perf|Gender=Masc|Mood=Ind|Number=Sing|Tense=Past|VerbForm=Fin|Voice=Mid	_	_	_	@vvp1934m-words#@vvp1934m#623.185#623.58
340	только	только	PART	_	_	_	_	_	@vvp1934m-words#@vvp1934m#623.58#623.975
341	успешным	успешный	ADJ	_	Case=Ins|Degree=Pos|Gender=Masc|Number=Sing	_	_	_	@vvp1934m-words#@vvp1934m#623.975#624.37
342	он	он	PRON	_	Case=Nom|Gender=Masc|Number=Sing|Person=3	_	_	_	@vvp1934m-words#@vvp1934m#624.66#625.015
343	стал	стать	VERB	_	Aspect=Perf|Gender=Masc|Mood=Ind|Number=Sing|Tense=Past|VerbForm=Fin|Voice=Mid	_	_	_	@vvp1934m-words#@vvp1934m#625.015#625.37
344	успешным	успешный	ADJ	_	Case=Ins|Degree=Pos|Gender=Masc|Number=Sing	_	_	_	@vvp1934m-words#@vvp1934m#625.37#625.725
345	!	!	PUNCT	_	_	_	_	_	@vvp1934m-words#@vvp1934m#625.725#626.08
346	люди	человек	NOUN	_	Animacy=Anim|Case=Nom|Gender=Masc|Number=Plur	_	_	_	@vvp1934m-words#@vvp1934m#626.21#626.652
347	ой	ой	NOUN	_	Animacy=Inan|Case=Ins|Gender=Fem|Number=Sing	_	_	_	@vvp1934m-words#@vvp1934m#626.652#627.094
348	смотрите	смотреть	VERB	_	Aspect=Imp|Mood=Imp|Number=Plur|Person=2|VerbForm=Fin|Voice=Act	_	_	_	@vvp1934m-words#@vvp1934m#627.094#627.536
349	/	/	PUNCT	_	_	_	_	_	@vvp1934m-words#@vvp1934m#627.536#627.978
350	звё...	звё...	PROPN	_	Animacy=Anim|Case=Dat|Gender=Fem|Number=Sing	_	_	_	@vvp1934m-words#@vvp1934m#627.978#628.42
351	звёзды	звёзда	NOUN	_	Animacy=Inan|Case=Gen|Gender=Fem|Number=Sing	_	_	_	@vvp1934m-words#@vvp1934m#628.42#628.862
352	панка	панка	NOUN	_	Animacy=Inan|Case=Nom|Gender=Fem|Number=Sing	_	_	_	@vvp1934m-words#@vvp1934m#628.862#629.31
353	тогда	тогда	ADV	_	Degree=Pos	_	_	_	@vvp1934m-words#@vvp1934m#629.72#630.134
354	появилась	появиться	VERB	_	Aspect=Perf|Gender=Fem|Mood=Ind|Number=Sing|Tense=Past|VerbForm=Fin|Voice=Mid	_	_	_	@vvp1934m-words#@vvp1934m#630.134#630.548
355	уже	уже	ADV	_	Degree=Pos	_	_	_	@vvp1934m-words#@vvp1934m#630.548#630.962
356	совсем	совсем	ADV	_	Degree=Pos	_	_	_	@vvp1934m-words#@vvp1934m#630.962#631.376
357	странная	странный	ADJ	_	Case=Nom|Degree=Pos|Gender=Fem|Number=Sing	_	_	_	@vvp1934m-words#@vvp1934m#631.376#631.79
358	вещь	вещь	NOUN	_	Animacy=Inan|Case=Nom|Gender=Fem|Number=Sing	_	_	_	@vvp1934m-words#@vvp1934m#631.79#632.204
359	которая	который	PRON	_	Case=Nom	_	_	_	@vvp1934m-words#@vvp1934m#632.204#632.618
360	называется	называться	VERB	_	Aspect=Imp|Mood=Ind|Number=Sing|Person=3|Tense=Pres|VerbForm=Fin|Voice=Mid	_	_	_	@vvp1934m-words#@vvp1934m#632.618#633.032
361	рэп	рэп	NOUN	_	Animacy=Inan|Case=Acc|Gender=Masc|Number=Sing	_	_	_	@vvp1934m-words#@vvp1934m#633.032#633.45
362	где	где	ADV	_	Degree=Pos	_	_	_	@vvp1934m-words#@vvp1934m#634.17#634.508
363	вообще	вообще	ADV	_	Degree=Pos	_	_	_	@vvp1934m-words#@vvp1934m#634.508#634.846
364	музыки	музыка	NOUN	_	Animacy=Inan|Case=Gen|Gender=Fem|Number=Sing	_	_	_	@vvp1934m-words#@vvp1934m#634.846#635.184
365	нет	нет	VERB	_	Aspect=Imp|Mood=Ind|Number=Sing|Person=3|Tense=Pres|VerbForm=Fin|Voice=Act	_	_	_	@vvp1934m-words#@vvp1934m#635.184#635.522
366	/	/	PUNCT	_	_	_	_	_	@vvp1934m-words#@vvp1934m#635.522#635.86
367	и	и	CCONJ	_	_	_	_	_	@vvp1934m-words#@vvp1934m#635.86#636.198
368	где	где	ADV	_	Degree=Pos	_	_	_	@vvp1934m-words#@vvp1934m#636.198#636.536
369	люди	человек	NOUN	_	Animacy=Anim|Case=Nom|Gender=Masc|Number=Plur	_	_	_	@vvp1934m-words#@vvp1934m#636.536#636.874
370	просто	просто	PART	_	_	_	_	_	@vvp1934m-words#@vvp1934m#636.874#637.212
371	э	эра	INTJ	_	_	_	_	_	@vvp1934m-words#@vvp1934m#637.212#637.55
372	/	/	PUNCT	_	_	_	_	_	@vvp1934m-words#@vvp1934m#637.55#637.888
373	так	так	ADV	_	Degree=Pos	_	_	_	@vvp1934m-words#@vvp1934m#637.888#638.226
374	сказать	сказать	VERB	_	Aspect=Perf|VerbForm=Inf|Voice=Act	_	_	_	@vvp1934m-words#@vvp1934m#638.226#638.564
375	э	эра	INTJ	_	_	_	_	_	@vvp1934m-words#@vvp1934m#638.564#638.902
376	/	/	PUNCT	_	_	_	_	_	@vvp1934m-words#@vvp1934m#638.902#639.24
377	тоже	тоже	PART	_	_	_	_	_	@vvp1934m-words#@vvp1934m#639.24#639.578
378	протест	протест	VERB	_	Aspect=Imp|Mood=Ind|Number=Sing|Person=3|Tense=Pres|VerbForm=Fin|Voice=Act	_	_	_	@vvp1934m-words#@vvp1934m#639.578#639.916
379	правда	правда	ADV	_	Degree=Pos	_	_	_	@vvp1934m-words#@vvp1934m#639.916#640.254
380	/	/	PUNCT	_	_	_	_	_	@vvp1934m-words#@vvp1934m#640.254#640.592
381	но	но	CCONJ	_	_	_	_	_	@vvp1934m-words#@vvp1934m#640.592#640.93
382	сцепляют	цеплять	VERB	_	Aspect=Imp|Mood=Ind|Number=Plur|Person=3|Tense=Pres|VerbForm=Fin|Voice=Act	_	_	_	@vvp1934m-words#@vvp1934m#640.93#641.268
383	слова	слово	NOUN	_	Animacy=Inan|Case=Acc|Gender=Neut|Number=Plur	_	_	_	@vvp1934m-words#@vvp1934m#641.268#641.606
384	с	с	ADP	_	_	_	_	_	@vvp1934m-words#@vvp1934m#641.606#641.944
385	словами	слово	NOUN	_	Animacy=Inan|Case=Ins|Gender=Neut|Number=Plur	_	_	_	@vvp1934m-words#@vvp1934m#641.944#642.282
386	и	и	CCONJ	_	_	_	_	_	@vvp1934m-words#@vvp1934m#642.282#642.62
387	так	так	ADV	_	Degree=Pos	_	_	_	@vvp1934m-words#@vvp1934m#642.62#642.958
388	далее	далее	ADV	_	Degree=Pos	_	_	_	@vvp1934m-words#@vvp1934m#642.958#643.31
389	вот	вот	PART	_	_	_	_	_	@vvp1934m-words#@vvp1934m#643.41#643.723
390	/	/	PUNCT	_	_	_	_	_	@vvp1934m-words#@vvp1934m#643.723#644.036
391	как	как	SCONJ	_	_	_	_	_	@vvp1934m-words#@vvp1934m#644.036#644.349
392	вы	вы	PRON	_	Case=Nom|Number=Plur|Person=2	_	_	_	@vvp1934m-words#@vvp1934m#644.349#644.662
393	смотрите	смотреть	VERB	_	Aspect=Imp|Mood=Ind|Number=Plur|Person=2|Tense=Pres|VerbForm=Fin|Voice=Act	_	_	_	@vvp1934m-words#@vvp1934m#644.662#644.975
394	на	на	ADP	_	_	_	_	_	@vvp1934m-words#@vvp1934m#644.975#645.288
395	это	это	DET	_	Case=Acc|Gender=Neut|Number=Sing	_	_	_	@vvp1934m-words#@vvp1934m#645.288#645.601
396	развитие	развитие	NOUN	_	Animacy=Inan|Case=Acc|Gender=Neut|Number=Sing	_	_	_	@vvp1934m-words#@vvp1934m#645.601#645.914
397	?	?	PUNCT	_	_	_	_	_	@vvp1934m-words#@vvp1934m#645.914#646.23
398	вообще	вообще	ADV	_	Degree=Pos	_	_	_	@vvp1934m-words#@vvp1934m#646.3#646.54
399	/	/	PUNCT	_	_	_	_	_	@vvp1934m-words#@vvp1934m#646.54#646.78
400	что	что	SCONJ	_	_	_	_	_	@vvp1934m-words#@vvp1934m#646.78#647.02
401	вы	вы	PRON	_	Case=Nom|Number=Plur|Person=2	_	_	_	@vvp1934m-words#@vvp1934m#647.02#647.26
402	об	о	ADP	_	_	_	_	_	@vvp1934m-words#@vvp1934m#647.26#647.5
403	этом	это	PRON	_	Animacy=Inan|Case=Loc|Gender=Neut|Number=Sing	_	_	_	@vvp1934m-words#@vvp1934m#647.5#647.74
404	дума...	дума...	PROPN	_	Animacy=Anim|Case=Nom|Gender=Masc|Number=Sing	_	_	_	@vvp1934m-words#@vvp1934m#647.74#647.98
405	/	/	PUNCT	_	_	_	_	_	@vvp1934m-words#@vvp1934m#647.98#648.22
406	вообще	вообще	ADV	_	Degree=Pos	_	_	_	@vvp1934m-words#@vvp1934m#648.22#648.46
407	вы	вы	PRON	_	Case=Nom|Number=Plur|Person=2	_	_	_	@vvp1934m-words#@vvp1934m#648.46#648.7
408	любите	любить	VERB	_	Aspect=Imp|Mood=Ind|Number=Plur|Person=2|Tense=Pres|VerbForm=Fin|Voice=Act	_	_	_	@vvp1934m-words#@vvp1934m#648.7#648.94
409	рэп	рэп	NOUN	_	Animacy=Inan|Case=Acc|Gender=Masc|Number=Sing	_	_	_	@vvp1934m-words#@vvp1934m#648.94#649.18
410	?	?	PUNCT	_	_	_	_	_	@vvp1934m-words#@vvp1934m#649.18#649.42
411	а	а	CCONJ	_	_	_	_	_	@vvp1934m-words#@vvp1934m#675.92#676.11
412	вот	вот	PART	_	_	_	_	_	@vvp1934m-words#@vvp1934m#676.11#676.3
413	как	как	ADV	_	Degree=Pos	_	_	_	@vvp1934m-words#@vvp1934m#676.3#676.49
414	вы	вы	PRON	_	Case=Nom|Number=Plur|Person=2	_	_	_	@vvp1934m-words#@vvp1934m#676.49#676.68
415	с	с	ADP	_	_	_	_	_	@vvp1934m-words#@vvp1934m#676.68#676.87
416	вот	вот	PART	_	_	_	_	_	@vvp1934m-words#@vvp1934m#676.87#677.06
417	хорошо	хорошо	ADV	_	Degree=Pos	_	_	_	@vvp1934m-words#@vvp1934m#683.48#684.17
418	смотрите	смотреть	VERB	_	Aspect=Imp|Mood=Ind|Number=Plur|Person=2|Tense=Pres|VerbForm=Fin|Voice=Act	_	_	_	@vvp1934m-words#@vvp1934m#684.19#684.532
419	такую	такой	DET	_	Case=Acc|Gender=Fem|Number=Sing	_	_	_	@vvp1934m-words#@vvp1934m#684.532#684.874
420	вещь	вещь	NOUN	_	Animacy=Inan|Case=Acc|Gender=Fem|Number=Sing	_	_	_	@vvp1934m-words#@vvp1934m#684.874#685.216
421	/	/	PUNCT	_	_	_	_	_	@vvp1934m-words#@vvp1934m#685.216#685.558
422	хочу	хотеть	VERB	_	Aspect=Imp|Mood=Ind|Number=Sing|Person=1|Tense=Pres|VerbForm=Fin|Voice=Act	_	_	_	@vvp1934m-words#@vvp1934m#685.558#685.9
423	вас	вы	PRON	_	Case=Acc|Number=Plur|Person=2	_	_	_	@vvp1934m-words#@vvp1934m#685.9#686.242
424	спросить	спросить	VERB	_	Aspect=Perf|VerbForm=Inf|Voice=Act	_	_	_	@vvp1934m-words#@vvp1934m#686.242#686.59
425	есть	быть	VERB	_	Aspect=Imp|Mood=Ind|Number=Sing|Person=3|Tense=Pres|VerbForm=Fin|Voice=Act	_	_	_	@vvp1934m-words#@vvp1934m#688.23#688.559
426	такое	такой	DET	_	Case=Nom|Gender=Neut|Number=Sing	_	_	_	@vvp1934m-words#@vvp1934m#688.559#688.888
427	очень	очень	ADV	_	Degree=Pos	_	_	_	@vvp1934m-words#@vvp1934m#688.888#689.217
428	хорошее	хороший	ADJ	_	Case=Nom|Degree=Pos|Gender=Neut|Number=Sing	_	_	_	@vvp1934m-words#@vvp1934m#689.217#689.546
429	американское	американский	ADJ	_	Case=Nom|Degree=Pos|Gender=Neut|Number=Sing	_	_	_	@vvp1934m-words#@vvp1934m#689.546#689.875
430	выражение	выражение	NOUN	_	Animacy=Inan|Case=Nom|Gender=Neut|Number=Sing	_	_	_	@vvp1934m-words#@vvp1934m#689.875#690.204
431	/	/	PUNCT	_	_	_	_	_	@vvp1934m-words#@vvp1934m#690.204#690.533
432	потом	потом	ADV	_	Degree=Pos	_	_	_	@vvp1934m-words#@vvp1934m#690.533#690.862
433	я	я	PRON	_	Case=Nom|Number=Sing|Person=1	_	_	_	@vvp1934m-words#@vvp1934m#690.862#691.191
434	переведу	перевести	VERB	_	Aspect=Perf|Mood=Ind|Number=Sing|Person=1|Tense=Fut|VerbForm=Fin|Voice=Act	_	_	_	@vvp1934m-words#@vvp1934m#691.191#691.52
435	его	он	PRON	_	Case=Acc|Gender=Masc|Number=Sing|Person=3	_	_	_	@vvp1934m-words#@vvp1934m#691.52#691.849
436	по-русски	по-русски	ADV	_	Degree=Pos	_	_	_	@vvp1934m-words#@vvp1934m#691.849#692.18
437	if	if	X	_	Foreign=Yes	_	_	_	@vvp1934m-words#@vvp1934m#692.98#693.207
438	you	you	X	_	Foreign=Yes	_	_	_	@vvp1934m-words#@vvp1934m#693.207#693.434
439	can't	can't	X	_	Foreign=Yes	_	_	_	@vvp1934m-words#@vvp1934m#693.434#693.661
440	beat	beat	X	_	Foreign=Yes	_	_	_	@vvp1934m-words#@vvp1934m#693.661#693.888
441	them	them	X	_	Foreign=Yes	_	_	_	@vvp1934m-words#@vvp1934m#693.888#694.115
442	join	join	X	_	Foreign=Yes	_	_	_	@vvp1934m-words#@vvp1934m#694.115#694.342
443	them	them	X	_	Foreign=Yes	_	_	_	@vvp1934m-words#@vvp1934m#694.342#694.57
444	если	если	SCONJ	_	_	_	_	_	@vvp1934m-words#@vvp1934m#695.16#695.423
445	ты	ты	PRON	_	Case=Nom|Number=Sing|Person=2	_	_	_	@vvp1934m-words#@vvp1934m#695.423#695.686
446	не	не	PART	_	_	_	_	_	@vvp1934m-words#@vvp1934m#695.686#695.949
447	можешь	мочь	VERB	_	Aspect=Imp|Mood=Ind|Number=Sing|Person=2|Tense=Pres|VerbForm=Fin|Voice=Act	_	_	_	@vvp1934m-words#@vvp1934m#695.949#696.212
448	их	они	PRON	_	Case=Acc|Number=Plur|Person=3	_	_	_	@vvp1934m-words#@vvp1934m#696.212#696.475
449	победить	победить	VERB	_	Aspect=Perf|VerbForm=Inf|Voice=Act	_	_	_	@vvp1934m-words#@vvp1934m#696.475#696.738
450	/	/	PUNCT	_	_	_	_	_	@vvp1934m-words#@vvp1934m#696.738#697.001
451	присоединись	присоединиться	VERB	_	Aspect=Perf|Mood=Imp|Number=Sing|Person=2|VerbForm=Fin|Voice=Mid	_	_	_	@vvp1934m-words#@vvp1934m#697.001#697.264
452	к	к	ADP	_	_	_	_	_	@vvp1934m-words#@vvp1934m#697.264#697.527
453	ним	они	PRON	_	Case=Dat|Number=Plur|Person=3	_	_	_	@vvp1934m-words#@vvp1934m#697.527#697.79
454	значит	значить	VERB	_	Aspect=Imp|Mood=Ind|Number=Sing|Person=3|Tense=Pres|VerbForm=Fin|Voice=Act	_	_	_	@vvp1934m-words#@vvp1934m#699.2#699.6
455	вот	вот	PART	_	_	_	_	_	@vvp1934m-words#@vvp1934m#699.6#700.0
456	/	/	PUNCT	_	_	_	_	_	@vvp1934m-words#@vvp1934m#700.0#700.4
457	появился	появиться	VERB	_	Aspect=Perf|Gender=Masc|Mood=Ind|Number=Sing|Tense=Past|VerbForm=Fin|Voice=Mid	_	_	_	@vvp1934m-words#@vvp1934m#700.4#700.8
458	рок	рок	NOUN	_	Animacy=Inan|Case=Nom|Gender=Masc|Number=Sing	_	_	_	@vvp1934m-words#@vvp1934m#700.8#701.2
459	/	/	PUNCT	_	_	_	_	_	@vvp1934m-words#@vvp1934m#701.2#701.6
460	поначалу	поначалу	ADV	_	Degree=Pos	_	_	_	@vvp1934m-words#@vvp1934m#701.6#702.0
461	протест	протест	NOUN	_	Animacy=Inan|Case=Nom|Gender=Masc|Number=Sing	_	_	_	@vvp1934m-words#@vvp1934m#702.0#702.4
462	/	/	PUNCT	_	_	_	_	_	@vvp1934m-words#@vvp1934m#702.4#702.8
463	и	и	CCONJ	_	_	_	_	_	@vvp1934m-words#@vvp1934m#702.8#703.2
464	вообще	вообще	ADV	_	Degree=Pos	_	_	_	@vvp1934m-words#@vvp1934m#703.2#703.6
465	общество	общество	NOUN	_	Animacy=Inan|Case=Nom|Gender=Neut|Number=Sing	_	_	_	@vvp1934m-words#@vvp1934m#703.6#704.0
466	так	так	ADV	_	Degree=Pos	_	_	_	@vvp1934m-words#@vvp1934m#704.0#704.4
467	/	/	PUNCT	_	_	_	_	_	@vvp1934m-words#@vvp1934m#704.4#704.8
468	не	не	PART	_	_	_	_	_	@vvp1934m-words#@vvp1934m#704.8#705.2
469	очень	очень	ADV	_	Degree=Pos	_	_	_	@vvp1934m-words#@vvp1934m#705.2#705.6
470	потом	потом	ADV	_	Degree=Pos	_	_	_	@vvp1934m-words#@vvp1934m#705.9#706.287
471	/	/	PUNCT	_	_	_	_	_	@vvp1934m-words#@vvp1934m#706.287#706.674
472	это	это	PRON	_	Animacy=Inan|Case=Nom|Gender=Neut|Number=Sing	_	_	_	@vvp1934m-words#@vvp1934m#706.674#707.061
473	же	же	PART	_	_	_	_	_	@vvp1934m-words#@vvp1934m#707.061#707.448
474	общество	общество	NOUN	_	Animacy=Inan|Case=Nom|Gender=Neut|Number=Sing	_	_	_	@vvp1934m-words#@vvp1934m#707.448#707.835
475	сообразило	сообразить	VERB	_	Aspect=Perf|Gender=Neut|Mood=Ind|Number=Sing|Tense=Past|VerbForm=Fin|Voice=Act	_	_	_	@vvp1934m-words#@vvp1934m#707.835#708.222
476	/	/	PUNCT	_	_	_	_	_	@vvp1934m-words#@vvp1934m#708.222#708.609
477	так	так	ADV	_	Degree=Pos	_	_	_	@vvp1934m-words#@vvp1934m#708.609#708.996
478	/	/	PUNCT	_	_	_	_	_	@vvp1934m-words#@vvp1934m#708.996#709.383
479	можно	можно	ADV	_	Degree=Pos	_	_	_	@vvp1934m-words#@vvp1934m#709.383#709.77
480	к	к	ADP	_	_	_	_	_	@vvp1934m-words#@vvp1934m#709.77#710.157
481	ним	они	PRON	_	Case=Dat|Number=Plur|Person=3	_	_	_	@vvp1934m-words#@vvp1934m#710.157#710.544
482	присоединиться	присоединиться	VERB	_	Aspect=Perf|VerbForm=Inf|Voice=Mid	_	_	_	@vvp1934m-words#@vvp1934m#710.544#710.931
483	/	/	PUNCT	_	_	_	_	_	@vvp1934m-words#@vvp1934m#710.931#711.318
484	каким	какой	DET	_	Case=Ins|Gender=Masc|Number=Sing	_	_	_	@vvp1934m-words#@vvp1934m#711.318#711.705
485	образом	образ	NOUN	_	Animacy=Inan|Case=Ins|Gender=Masc|Number=Sing	_	_	_	@vvp1934m-words#@vvp1934m#711.705#712.092
486	/	/	PUNCT	_	_	_	_	_	@vvp1934m-words#@vvp1934m#712.092#712.479
487	можно	можно	ADV	_	Degree=Pos	_	_	_	@vvp1934m-words#@vvp1934m#712.479#712.866
488	им	они	PRON	_	Case=Dat|Number=Plur|Person=3	_	_	_	@vvp1934m-words#@vvp1934m#712.866#713.253
489	платить	платить	VERB	_	Aspect=Imp|VerbForm=Inf|Voice=Act	_	_	_	@vvp1934m-words#@vvp1934m#713.253#713.64
490	хорошие	хороший	ADJ	_	Animacy=Inan|Case=Acc|Degree=Pos|Number=Plur	_	_	_	@vvp1934m-words#@vvp1934m#713.64#714.027
491	деньги	деньги	NOUN	_	Animacy=Inan|Case=Acc|Gender=Fem|Number=Plur	_	_	_	@vvp1934m-words#@vvp1934m#714.027#714.414
492	/	/	PUNCT	_	_	_	_	_	@vvp1934m-words#@vvp1934m#714.414#714.801
493	и	и	CCONJ	_	_	_	_	_	@vvp1934m-words#@vvp1934m#714.801#715.188
494	протест	протест	NOUN	_	Animacy=Inan|Case=Nom|Gender=Masc|Number=Sing	_	_	_	@vvp1934m-words#@vvp1934m#715.188#715.575
495	этот	этот	DET	_	Case=Nom|Gender=Masc|Number=Sing	_	_	_	@vvp1934m-words#@vvp1934m#715.575#715.962
496	куда-то	куда-то	ADV	_	Degree=Pos	_	_	_	@vvp1934m-words#@vvp1934m#715.962#716.349
497	уйдёт	уйдти	VERB	_	Aspect=Perf|Mood=Ind|Number=Sing|Person=3|Tense=Fut|VerbForm=Fin|Voice=Act	_	_	_	@vvp1934m-words#@vvp1934m#716.349#716.76
498	потому	потому	ADV	_	Degree=Pos	_	_	_	@vvp1934m-words#@vvp1934m#717.08#717.366
499	что	что	SCONJ	_	_	_	_	_	@vvp1934m-words#@vvp1934m#717.366#717.652
500	когда	когда	SCONJ	_	_	_	_	_	@vvp1934m-words#@vvp1934m#717.652#717.938
501	человек	человек	NOUN	_	Animacy=Anim|Case=Nom|Gender=Masc|Number=Sing	_	_	_	@vvp1934m-words#@vvp1934m#717.938#718.224
502	уже	уже	ADV	_	Degree=Pos	_	_	_	@vvp1934m-words#@vvp1934m#718.224#718.51
503	ездит	ездить	VERB	_	Aspect=Imp|Mood=Ind|Number=Sing|Person=3|Tense=Pres|VerbForm=Fin|Voice=Act	_	_	_	@vvp1934m-words#@vvp1934m#718.51#718.796
504	на	на	ADP	_	_	_	_	_	@vvp1934m-words#@vvp1934m#718.796#719.082
505	Bentley	Bentley	PROPN	_	Foreign=Yes	_	_	_	@vvp1934m-words#@vvp1934m#719.082#719.368
506	/	/	PUNCT	_	_	_	_	_	@vvp1934m-words#@vvp1934m#719.368#719.654
507	и	и	CCONJ	_	_	_	_	_	@vvp1934m-words#@vvp1934m#719.654#719.94
508	так	так	ADV	_	Degree=Pos	_	_	_	@vvp1934m-words#@vvp1934m#719.94#720.226
509	далее	далее	ADV	_	Degree=Pos	_	_	_	@vvp1934m-words#@vvp1934m#720.226#720.512
510	/	/	PUNCT	_	_	_	_	_	@vvp1934m-words#@vvp1934m#720.512#720.798
511	то	то	SCONJ	_	_	_	_	_	@vvp1934m-words#@vvp1934m#720.798#721.084
512	уже	уже	ADV	_	Degree=Pos	_	_	_	@vvp1934m-words#@vvp1934m#721.084#721.37
513	/	/	PUNCT	_	_	_	_	_	@vvp1934m-words#@vvp1934m#721.37#721.656
514	так	так	ADV	_	Degree=Pos	_	_	_	@vvp1934m-words#@vvp1934m#721.656#721.942
515	сказать	сказать	VERB	_	Aspect=Perf|VerbForm=Inf|Voice=Act	_	_	_	@vvp1934m-words#@vvp1934m#721.942#722.228
516	/	/	PUNCT	_	_	_	_	_	@vvp1934m-words#@vvp1934m#722.228#722.514
517	с	с	ADP	_	_	_	_	_	@vvp1934m-words#@vvp1934m#722.514#722.8
518	протестом	протест	NOUN	_	Animacy=Inan|Case=Ins|Gender=Masc|Number=Sing	_	_	_	@vvp1934m-words#@vvp1934m#722.8#723.086
519	у	у	ADP	_	_	_	_	_	@vvp1934m-words#@vvp1934m#723.086#723.372
520	него	он	PRON	_	Case=Gen|Gender=Masc|Number=Sing|Person=3	_	_	_	@vvp1934m-words#@vvp1934m#723.372#723.658
521	как-то	как-то	ADV	_	Degree=Pos	_	_	_	@vvp1934m-words#@vvp1934m#723.658#723.944
522	не	не	PART	_	_	_	_	_	@vvp1934m-words#@vvp1934m#723.944#724.23
523	очень	очень	ADV	_	Degree=Pos	_	_	_	@vvp1934m-words#@vvp1934m#724.23#724.516
524	получается	получаться	VERB	_	Aspect=Imp|Mood=Ind|Number=Sing|Person=3|Tense=Pres|VerbForm=Fin|Voice=Mid	_	_	_	@vvp1934m-words#@vvp1934m#724.516#724.81
525	и	и	CCONJ	_	_	_	_	_	@vvp1934m-words#@vvp1934m#725.25#725.691
526	постепенно	постепенно	ADV	_	Degree=Pos	_	_	_	@vvp1934m-words#@vvp1934m#725.691#726.132
527	/	/	PUNCT	_	_	_	_	_	@vvp1934m-words#@vvp1934m#726.132#726.573
528	ну	ну	PART	_	_	_	_	_	@vvp1934m-words#@vvp1934m#726.573#727.014
529	как	как	ADV	_	Degree=Pos	_	_	_	@vvp1934m-words#@vvp1934m#727.014#727.455
530	бы	бы	PART	_	_	_	_	_	@vvp1934m-words#@vvp1934m#727.455#727.896
531	купили	купить	VERB	_	Aspect=Perf|Mood=Ind|Number=Plur|Tense=Past|VerbForm=Fin|Voice=Act	_	_	_	@vvp1934m-words#@vvp1934m#727.896#728.337
532	/	/	PUNCT	_	_	_	_	_	@vvp1934m-words#@vvp1934m#728.337#728.778
533	эту	этот	DET	_	Case=Acc|Gender=Fem|Number=Sing	_	_	_	@vvp1934m-words#@vvp1934m#728.778#729.219
534	музыку	музыка	NOUN	_	Animacy=Inan|Case=Acc|Gender=Fem|Number=Sing	_	_	_	@vvp1934m-words#@vvp1934m#729.219#729.66
535	или	или	CCONJ	_	_	_	_	_	@vvp1934m-words#@vvp1934m#730.7#730.932
536	это	это	PRON	_	Animacy=Inan|Case=Nom|Gender=Neut|Number=Sing	_	_	_	@vvp1934m-words#@vvp1934m#730.932#731.164
537	не	не	PART	_	_	_	_	_	@vvp1934m-words#@vvp1934m#731.164#731.396
538	так	так	ADV	_	Degree=Pos	_	_	_	@vvp1934m-words#@vvp1934m#731.396#731.628
539	?	?	PUNCT	_	_	_	_	_	@vvp1934m-words#@vvp1934m#731.628#731.86
540	не	не	PART	_	_	_	_	_	@vvp1934m-words#@vvp1934m#732.89#733.202
541	согласна	согласный	ADJ	_	Degree=Pos|Gender=Fem|Number=Sing|Variant=Short	_	_	_	@vvp1934m-words#@vvp1934m#733.202#733.514
542	да	да	PART	_	_	_	_	_	@vvp1934m-words#@vvp1934m#733.514#733.826
543	?	?	PUNCT	_	_	_	_	_	@vvp1934m-words#@vvp1934m#733.826#734.14
544	есть	быть	VERB	_	Aspect=Imp|Mood=Ind|Number=Sing|Person=3|Tense=Pres|VerbForm=Fin|Voice=Act	_	_	_	@vvp1934m-words#@vvp1934m#745.86#746.52
545	ну	ну	PART	_	_	_	_	_	@vvp1934m-words#@vvp1934m#747.35#747.651
546	нет	нет	VERB	_	Aspect=Imp|Mood=Ind|Number=Sing|Person=3|Tense=Pres|VerbForm=Fin|Voice=Act	_	_	_	@vvp1934m-words#@vvp1934m#747.651#747.952
547	я	я	PRON	_	Case=Nom|Number=Sing|Person=1	_	_	_	@vvp1934m-words#@vvp1934m#747.952#748.253
548	бы	бы	AUX	_	_	_	_	_	@vvp1934m-words#@vvp1934m#748.253#748.554
549	не	не	PART	_	_	_	_	_	@vvp1934m-words#@vvp1934m#748.554#748.855
550	/	/	PUNCT	_	_	_	_	_	@vvp1934m-words#@vvp1934m#748.855#749.156
551	я	я	PRON	_	Case=Nom|Number=Sing|Person=1	_	_	_	@vvp1934m-words#@vvp1934m#749.156#749.457
552	же	же	PART	_	_	_	_	_	@vvp1934m-words#@vvp1934m#749.457#749.758
553	ведь	ведь	PART	_	_	_	_	_	@vvp1934m-words#@vvp1934m#749.758#750.059
554	/	/	PUNCT	_	_	_	_	_	@vvp1934m-words#@vvp1934m#750.059#750.36
555	вы	вы	PRON	_	Case=Nom|Number=Plur|Person=2	_	_	_	@vvp1934m-words#@vvp1934m#750.36#750.661
556	понимаете	понимать	VERB	_	Aspect=Imp|Mood=Ind|Number=Plur|Person=2|Tense=Pres|VerbForm=Fin|Voice=Act	_	_	_	@vvp1934m-words#@vvp1934m#750.661#750.962
557	/	/	PUNCT	_	_	_	_	_	@vvp1934m-words#@vvp1934m#750.962#751.263
558	я	я	PRON	_	Case=Nom|Number=Sing|Person=1	_	_	_	@vvp1934m-words#@vvp1934m#751.263#751.564
559	ничего	ничто	PRON	_	Case=Gen	_	_	_	@vvp1934m-words#@vvp1934m#751.564#751.865
560	не	не	PART	_	_	_	_	_	@vvp1934m-words#@vvp1934m#751.865#752.166
561	утверждаю	утверждать	VERB	_	Aspect=Imp|Mood=Ind|Number=Sing|Person=1|Tense=Pres|VerbForm=Fin|Voice=Act	_	_	_	@vvp1934m-words#@vvp1934m#752.166#752.467
562	/	/	PUNCT	_	_	_	_	_	@vvp1934m-words#@vvp1934m#752.467#752.768
563	но	но	CCONJ	_	_	_	_	_	@vvp1934m-words#@vvp1934m#752.768#753.069
564	я	я	PRON	_	Case=Nom|Number=Sing|Person=1	_	_	_	@vvp1934m-words#@vvp1934m#753.069#753.37
565	заде...	заде...	PROPN	_	Animacy=Anim|Case=Dat|Gender=Fem|Number=Sing	_	_	_	@vvp1934m-words#@vvp1934m#753.37#753.671
566	задаю	задавать	VERB	_	Aspect=Imp|Mood=Ind|Number=Sing|Person=1|Tense=Pres|VerbForm=Fin|Voice=Act	_	_	_	@vvp1934m-words#@vvp1934m#753.671#753.972
567	вопрос	вопрос	NOUN	_	Animacy=Inan|Case=Acc|Gender=Masc|Number=Sing	_	_	_	@vvp1934m-words#@vvp1934m#753.972#754.273
568	/	/	PUNCT	_	_	_	_	_	@vvp1934m-words#@vvp1934m#754.273#754.574
569	который	который	PRON	_	Case=Nom	_	_	_	@vvp1934m-words#@vvp1934m#754.574#754.875
570	меня	я	PRON	_	Case=Acc|Number=Sing|Person=1	_	_	_	@vvp1934m-words#@vvp1934m#754.875#755.176
571	интересует	интересовать	VERB	_	Aspect=Imp|Mood=Ind|Number=Sing|Person=3|Tense=Pres|VerbForm=Fin|Voice=Act	_	_	_	@vvp1934m-words#@vvp1934m#755.176#755.477
572	/	/	PUNCT	_	_	_	_	_	@vvp1934m-words#@vvp1934m#755.477#755.778
573	ну	ну	PART	_	_	_	_	_	@vvp1934m-words#@vvp1934m#755.778#756.079
574	и	и	CCONJ	_	_	_	_	_	@vvp1934m-words#@vvp1934m#756.079#756.38
575	может	мочь	VERB	_	Aspect=Imp|Mood=Ind|Number=Sing|Person=3|Tense=Pres|VerbForm=Fin|Voice=Act	_	_	_	@vvp1934m-words#@vvp1934m#756.38#756.681
576	быть	быть	AUX	_	Aspect=Imp|VerbForm=Inf|Voice=Act	_	_	_	@vvp1934m-words#@vvp1934m#756.681#756.982
577	этого	этот	DET	_	Case=Gen|Gender=Masc|Number=Sing	_	_	_	@vvp1934m-words#@vvp1934m#756.982#757.283
578	зрителя	зритель	NOUN	_	Animacy=Inan|Case=Gen|Gender=Masc|Number=Sing	_	_	_	@vvp1934m-words#@vvp1934m#757.283#757.584
579	/	/	PUNCT	_	_	_	_	_	@vvp1934m-words#@vvp1934m#757.584#757.885
580	которому	который	PRON	_	Case=Dat	_	_	_	@vvp1934m-words#@vvp1934m#757.885#758.186
581	сейчас	сейчас	ADV	_	Degree=Pos	_	_	_	@vvp1934m-words#@vvp1934m#758.186#758.487
582	мы	мы	PRON	_	Case=Nom|Number=Plur|Person=1	_	_	_	@vvp1934m-words#@vvp1934m#758.487#758.788
583	предложим	предложить	VERB	_	Aspect=Imp|Mood=Ind|Number=Plur|Person=1|Tense=Pres|VerbForm=Fin|Voice=Act	_	_	_	@vvp1934m-words#@vvp1934m#758.788#759.089
584	/	/	PUNCT	_	_	_	_	_	@vvp1934m-words#@vvp1934m#759.089#759.39
585	чрезвычайно	чрезвычайно	ADV	_	Degree=Pos	_	_	_	@vvp1934m-words#@vvp1934m#759.39#759.691
586	интересную	интересный	ADJ	_	Case=Acc|Degree=Pos|Gender=Fem|Number=Sing	_	_	_	@vvp1934m-words#@vvp1934m#759.691#759.992
587	рекламу	реклама	NOUN	_	Animacy=Inan|Case=Acc|Gender=Fem|Number=Sing	_	_	_	@vvp1934m-words#@vvp1934m#759.992#760.293
588	/	/	PUNCT	_	_	_	_	_	@vvp1934m-words#@vvp1934m#760.293#760.594
589	вот	вот	PART	_	_	_	_	_	@vvp1934m-words#@vvp1934m#760.594#760.895
590	/	/	PUNCT	_	_	_	_	_	@vvp1934m-words#@vvp1934m#760.895#761.196
591	э	эра	INTJ	_	_	_	_	_	@vvp1934m-words#@vvp1934m#761.196#761.497
592	так	так	ADV	_	Degree=Pos	_	_	_	@vvp1934m-words#@vvp1934m#761.497#761.798
593	что	что	SCONJ	_	_	_	_	_	@vvp1934m-words#@vvp1934m#761.798#762.099
594	уж	уж	PART	_	_	_	_	_	@vvp1934m-words#@vvp1934m#762.099#762.4
595	никуда	никуда	ADV	_	Degree=Pos	_	_	_	@vvp1934m-words#@vvp1934m#762.4#762.701
596	не	не	PART	_	_	_	_	_	@vvp1934m-words#@vvp1934m#762.701#763.002
597	уходите	уходить	VERB	_	Aspect=Imp|Mood=Imp|Number=Plur|Person=2|VerbForm=Fin|Voice=Act	_	_	_	@vvp1934m-words#@vvp1934m#763.002#763.303
598	/	/	PUNCT	_	_	_	_	_	@vvp1934m-words#@vvp1934m#763.303#763.604
599	а	а	CCONJ	_	_	_	_	_	@vvp1934m-words#@vvp1934m#763.604#763.905
600	потом	потом	ADV	_	Degree=Pos	_	_	_	@vvp1934m-words#@vvp1934m#763.905#764.206
601	продолжим	продолжить	VERB	_	Aspect=Perf|Mood=Ind|Number=Plur|Person=1|Tense=Fut|VerbForm=Fin|Voice=Act	_	_	_	@vvp1934m-words#@vvp1934m#764.206#764.55
602	да	да	CCONJ	_	_	_	_	_	@ztr1976f-words#@ztr1976f#462.5#462.89
603	могу	мочь	VERB	_	Aspect=Imp|Mood=Ind|Number=Sing|Person=1|Tense=Pres|VerbForm=Fin|Voice=Act	_	_	_	@ztr1976f-words#@ztr1976f#462.89#463.28
604	да	да	PART	_	_	_	_	_	@ztr1976f-words#@ztr1976f#474.65#475.04
605	ну	ну	PART	_	_	_	_	_	@ztr1976f-words#@ztr1976f#477.18#477.468
606	/	/	PUNCT	_	_	_	_	_	@ztr1976f-words#@ztr1976f#477.468#477.756
607	сейчас	сейчас	ADV	_	Degree=Pos	_	_	_	@ztr1976f-words#@ztr1976f#477.756#478.044
608	я	я	PRON	_	Case=Nom|Number=Sing|Person=1	_	_	_	@ztr1976f-words#@ztr1976f#478.044#478.332
609	нахожусь	находиться	VERB	_	Aspect=Imp|Mood=Ind|Number=Sing|Person=1|Tense=Pres|VerbForm=Fin|Voice=Mid	_	_	_	@ztr1976f-words#@ztr1976f#478.332#478.62
610	э	эра	NOUN	_	Case=Gen|Degree=Pos|Gender=Fem|Number=Sing	_	_	_	@ztr1976f-words#@ztr1976f#478.62#478.908
611	в	в	ADP	_	_	_	_	_	@ztr1976f-words#@ztr1976f#478.908#479.196
612	том	тот	DET	_	Case=Loc|Gender=Neut|Number=Sing	_	_	_	@ztr1976f-words#@ztr1976f#479.196#479.484
613	состоянии	состояние	NOUN	_	Animacy=Inan|Case=Loc|Gender=Neut|Number=Sing	_	_	_	@ztr1976f-words#@ztr1976f#479.484#479.772
614	когда	когда	ADV	_	Degree=Pos	_	_	_	@ztr1976f-words#@ztr1976f#479.772#480.06
615	мне	я	PRON	_	Case=Dat|Number=Sing|Person=1	_	_	_	@ztr1976f-words#@ztr1976f#480.06#480.348
616	это	это	PRON	_	Animacy=Inan|Case=Nom|Gender=Neut|Number=Sing	_	_	_	@ztr1976f-words#@ztr1976f#480.348#480.636
617	нравится	нравиться	VERB	_	Aspect=Imp|Mood=Ind|Number=Sing|Person=3|Tense=Pres|VerbForm=Fin|Voice=Mid	_	_	_	@ztr1976f-words#@ztr1976f#480.636#480.924
618	/	/	PUNCT	_	_	_	_	_	@ztr1976f-words#@ztr1976f#480.924#481.212
619	потому	потому	ADV	_	Degree=Pos	_	_	_	@ztr1976f-words#@ztr1976f#481.212#481.5
620	что	что	SCONJ	_	_	_	_	_	@ztr1976f-words#@ztr1976f#481.5#481.788
621	сейчас	сейчас	ADV	_	Degree=Pos	_	_	_	@ztr1976f-words#@ztr1976f#481.788#482.076
622	я	я	PRON	_	Case=Nom|Number=Sing|Person=1	_	_	_	@ztr1976f-words#@ztr1976f#482.076#482.364
623	делаю	делать	VERB	_	Aspect=Imp|Mood=Ind|Number=Sing|Person=1|Tense=Pres|VerbForm=Fin|Voice=Act	_	_	_	@ztr1976f-words#@ztr1976f#482.364#482.652
624	рок-программу	рок-программ	NOUN	_	Animacy=Inan|Case=Acc|Gender=Fem|Number=Sing	_	_	_	@ztr1976f-words#@ztr1976f#482.652#482.94
625	aаэ	aаэ	X	_	Foreign=Yes	_	_	_	@ztr1976f-words#@ztr1976f#483.42#483.855
626	/	/	PUNCT	_	_	_	_	_	@ztr1976f-words#@ztr1976f#483.855#484.29
627	это	это	PRON	_	Animacy=Inan|Case=Nom|Gender=Neut|Number=Sing	_	_	_	@ztr1976f-words#@ztr1976f#484.29#484.725
628	зависит	зависеть	VERB	_	Aspect=Imp|Mood=Ind|Number=Sing|Person=3|Tense=Pres|VerbForm=Fin|Voice=Act	_	_	_	@ztr1976f-words#@ztr1976f#484.725#485.16
629	от	от	ADP	_	_	_	_	_	@ztr1976f-words#@ztr1976f#485.16#485.595
630	твоего	твой	DET	_	Case=Gen|Gender=Neut|Number=Sing	_	_	_	@ztr1976f-words#@ztr1976f#485.595#486.03
631	состояния	состояние	NOUN	_	Animacy=Inan|Case=Gen|Gender=Neut|Number=Sing	_	_	_	@ztr1976f-words#@ztr1976f#486.03#486.47
632	вы	вы	PRON	_	Case=Nom|Number=Plur|Person=2	_	_	_	@ztr1976f-words#@ztr1976f#495.15#495.566
633	любите	любить	VERB	_	Aspect=Imp|Mood=Ind|Number=Plur|Person=2|Tense=Pres|VerbForm=Fin|Voice=Act	_	_	_	@ztr1976f-words#@ztr1976f#495.566#495.982
634	джаз	джаз	NOUN	_	Animacy=Inan|Case=Acc|Gender=Masc|Number=Sing	_	_	_	@ztr1976f-words#@ztr1976f#495.982#496.4
635	сейчас	сейчас	ADV	_	Degree=Pos	_	_	_	@ztr1976f-words#@ztr1976f#505.12#505.49
636	уже	уже	ADV	_	Degree=Pos	_	_	_	@ztr1976f-words#@ztr1976f#505.49#505.86
637	нет	нет	VERB	_	Aspect=Imp|Mood=Ind|Number=Sing|Person=3|Tense=Pres|VerbForm=Fin|Voice=Act	_	_	_	@ztr1976f-words#@ztr1976f#505.86#506.23
638	э	эра	INTJ	_	_	_	_	_	@ztr1976f-words#@ztr1976f#506.23#506.6
639	/	/	PUNCT	_	_	_	_	_	@ztr1976f-words#@ztr1976f#506.6#506.97
640	сейчас	сейчас	ADV	_	Degree=Pos	_	_	_	@ztr1976f-words#@ztr1976f#506.97#507.34
641	стили	стиль	VERB	_	Aspect=Perf|Mood=Ind|Number=Plur|Tense=Past|VerbForm=Fin|Voice=Act	_	_	_	@ztr1976f-words#@ztr1976f#507.34#507.71
642	очень	очень	ADV	_	Degree=Pos	_	_	_	@ztr1976f-words#@ztr1976f#507.71#508.08
643	смешались	смеситься	VERB	_	Aspect=Perf|Mood=Ind|Number=Plur|Tense=Past|VerbForm=Fin|Voice=Mid	_	_	_	@ztr1976f-words#@ztr1976f#508.08#508.45
644	э	эра	NOUN	_	Animacy=Inan|Case=Nom|Gender=Neut|Number=Sing	_	_	_	@ztr1976f-words#@ztr1976f#508.72#509.152
645	в	в	ADP	_	_	_	_	_	@ztr1976f-words#@ztr1976f#509.152#509.584
646	современной	современный	ADJ	_	Case=Loc|Degree=Pos|Gender=Fem|Number=Sing	_	_	_	@ztr1976f-words#@ztr1976f#509.584#510.016
647	музыке	музыка	NOUN	_	Animacy=Inan|Case=Loc|Gender=Fem|Number=Sing	_	_	_	@ztr1976f-words#@ztr1976f#510.016#510.448
648	/	/	PUNCT	_	_	_	_	_	@ztr1976f-words#@ztr1976f#510.448#510.88
649	чистых	чистый	ADJ	_	Case=Gen|Degree=Pos|Number=Plur	_	_	_	@ztr1976f-words#@ztr1976f#510.88#511.312
650	жанров	жанр	NOUN	_	Animacy=Inan|Case=Gen|Gender=Masc|Number=Plur	_	_	_	@ztr1976f-words#@ztr1976f#511.312#511.744
651	не	не	PART	_	_	_	_	_	@ztr1976f-words#@ztr1976f#511.744#512.176
652	осталось	остаться	VERB	_	Aspect=Perf|Gender=Neut|Mood=Ind|Number=Sing|Tense=Past|VerbForm=Fin|Voice=Mid	_	_	_	@ztr1976f-words#@ztr1976f#512.176#512.61
653	ну	ну	PART	_	_	_	_	_	@ztr1976f-words#@ztr1976f#513.83#514.08
654	да	да	PART	_	_	_	_	_	@ztr1976f-words#@ztr1976f#514.08#514.33
655	конечно	конечно	ADV	_	Degree=Pos	_	_	_	@ztr1976f-words#@ztr1976f#514.33#514.58
656	я	я	PRON	_	Case=Nom|Number=Sing|Person=1	_	_	_	@ztr1976f-words#@ztr1976f#514.58#514.83
657	люблю	любить	VERB	_	Aspect=Imp|Mood=Ind|Number=Sing|Person=1|Tense=Pres|VerbForm=Fin|Voice=Act	_	_	_	@ztr1976f-words#@ztr1976f#514.83#515.08
658	рок	рок	NOUN	_	Animacy=Inan|Case=Acc|Gender=Masc|Number=Sing	_	_	_	@ztr1976f-words#@ztr1976f#515.08#515.33
659	/	/	PUNCT	_	_	_	_	_	@ztr1976f-words#@ztr1976f#515.33#515.58
660	эвэв	эвэв	NOUN	_	Animacy=Inan|Case=Acc|Gender=Masc|Number=Sing	_	_	_	@ztr1976f-words#@ztr1976f#515.58#515.83
661	я	я	PRON	_	Case=Nom|Number=Sing|Person=1	_	_	_	@ztr1976f-words#@ztr1976f#515.84#516.222
662	имею	иметь	VERB	_	Aspect=Imp|Mood=Ind|Number=Sing|Person=1|Tense=Pres|VerbForm=Fin|Voice=Act	_	_	_	@ztr1976f-words#@ztr1976f#516.222#516.604
663	в	в	ADP	_	_	_	_	_	@ztr1976f-words#@ztr1976f#516.604#516.986
664	виду	вид	NOUN	_	Animacy=Inan|Case=Loc|Gender=Masc|Number=Sing	_	_	_	@ztr1976f-words#@ztr1976f#516.986#517.368
665	что	что	SCONJ	_	_	_	_	_	@ztr1976f-words#@ztr1976f#517.368#517.75
666	я	я	PRON	_	Case=Nom|Number=Sing|Person=1	_	_	_	@ztr1976f-words#@ztr1976f#517.75#518.132
667	люблю	любить	VERB	_	Aspect=Imp|Mood=Ind|Number=Sing|Person=1|Tense=Pres|VerbForm=Fin|Voice=Act	_	_	_	@ztr1976f-words#@ztr1976f#518.132#518.514
668	музыку	музыка	NOUN	_	Animacy=Inan|Case=Acc|Gender=Fem|Number=Sing	_	_	_	@ztr1976f-words#@ztr1976f#518.514#518.896
669	которая	который	PRON	_	Case=Nom	_	_	_	@ztr1976f-words#@ztr1976f#518.896#519.278
670	исполнена	исполнить	VERB	_	Aspect=Perf|Gender=Fem|Number=Sing|Tense=Past|Variant=Short|VerbForm=Part|Voice=Pass	_	_	_	@ztr1976f-words#@ztr1976f#519.278#519.66
671	живьём	живьь	NOUN	_	Animacy=Inan|Case=Ins|Gender=Masc|Number=Sing	_	_	_	@ztr1976f-words#@ztr1976f#519.66#520.042
672	/	/	PUNCT	_	_	_	_	_	@ztr1976f-words#@ztr1976f#520.042#520.424
673	исполнена	исполнить	VERB	_	Aspect=Perf|Gender=Fem|Number=Sing|Tense=Past|Variant=Short|VerbForm=Part|Voice=Pass	_	_	_	@ztr1976f-words#@ztr1976f#520.424#520.806
674	эмоционально	эмоционально	ADV	_	Degree=Pos	_	_	_	@ztr1976f-words#@ztr1976f#520.806#521.188
675	/	/	PUNCT	_	_	_	_	_	@ztr1976f-words#@ztr1976f#521.188#521.57
676	динамично	динамично	ADV	_	Degree=Pos	_	_	_	@ztr1976f-words#@ztr1976f#521.57#521.952
677	/	/	PUNCT	_	_	_	_	_	@ztr1976f-words#@ztr1976f#521.952#522.334
678	музыку	музыка	NOUN	_	Animacy=Inan|Case=Acc|Gender=Fem|Number=Sing	_	_	_	@ztr1976f-words#@ztr1976f#522.334#522.716
679	в	в	ADP	_	_	_	_	_	@ztr1976f-words#@ztr1976f#522.716#523.098
680	которой	который	PRON	_	Case=Loc	_	_	_	@ztr1976f-words#@ztr1976f#523.098#523.48
681	есть	быть	VERB	_	Aspect=Imp|Mood=Ind|Number=Sing|Person=3|Tense=Pres|VerbForm=Fin|Voice=Act	_	_	_	@ztr1976f-words#@ztr1976f#523.48#523.862
682	динамика	динамика	NOUN	_	Animacy=Inan|Case=Nom|Gender=Fem|Number=Sing	_	_	_	@ztr1976f-words#@ztr1976f#523.862#524.26
683	да	да	PART	_	_	_	_	_	@ztr1976f-words#@ztr1976f#535.2#535.54
684	ну	ну	PART	_	_	_	_	_	@ztr1976f-words#@ztr1976f#562.75#563.017
685	да	да	PART	_	_	_	_	_	@ztr1976f-words#@ztr1976f#563.017#563.284
686	/	/	PUNCT	_	_	_	_	_	@ztr1976f-words#@ztr1976f#563.284#563.551
687	поэтому	поэтому	ADV	_	Degree=Pos	_	_	_	@ztr1976f-words#@ztr1976f#563.551#563.818
688	Курт	курт	PROPN	_	Animacy=Inan|Case=Nom|Gender=Masc|Number=Sing	_	_	_	@ztr1976f-words#@ztr1976f#563.818#564.085
689	Кобейн	Кобейн	PROPN	_	Animacy=Inan|Case=Nom|Gender=Masc|Number=Sing	_	_	_	@ztr1976f-words#@ztr1976f#564.085#564.352
690	и	и	CCONJ	_	_	_	_	_	@ztr1976f-words#@ztr1976f#564.352#564.619
691	не	не	PART	_	_	_	_	_	@ztr1976f-words#@ztr1976f#564.619#564.886
692	справился	справиться	VERB	_	Aspect=Perf|Gender=Masc|Mood=Ind|Number=Sing|Tense=Past|VerbForm=Fin|Voice=Mid	_	_	_	@ztr1976f-words#@ztr1976f#564.886#565.153
693	в	в	ADP	_	_	_	_	_	@ztr1976f-words#@ztr1976f#565.153#565.42
694	общем-то	общей-то	DET	_	Case=Loc|Gender=Masc|Number=Sing	_	_	_	@ztr1976f-words#@ztr1976f#565.42#565.69
695	в	в	ADP	_	_	_	_	_	@ztr1976f-words#@ztr1976f#565.99#566.282
696	его	его	DET	_	_	_	_	_	@ztr1976f-words#@ztr1976f#566.282#566.574
697	голове	голова	NOUN	_	Animacy=Inan|Case=Loc|Gender=Fem|Number=Sing	_	_	_	@ztr1976f-words#@ztr1976f#566.574#566.866
698	/	/	PUNCT	_	_	_	_	_	@ztr1976f-words#@ztr1976f#566.866#567.158
699	эти	этот	DET	_	Case=Nom|Number=Plur	_	_	_	@ztr1976f-words#@ztr1976f#567.158#567.45
700	два	два	NUM	_	Case=Nom|Gender=Masc	_	_	_	@ztr1976f-words#@ztr1976f#567.45#567.742
701	факта	факт	NOUN	_	Animacy=Inan|Case=Gen|Gender=Masc|Number=Sing	_	_	_	@ztr1976f-words#@ztr1976f#567.742#568.034
702	/	/	PUNCT	_	_	_	_	_	@ztr1976f-words#@ztr1976f#568.034#568.326
703	не	не	PART	_	_	_	_	_	@ztr1976f-words#@ztr1976f#568.326#568.618
704	/	/	PUNCT	_	_	_	_	_	@ztr1976f-words#@ztr1976f#568.618#568.91
705	примирились	примириться	VERB	_	Aspect=Perf|Mood=Ind|Number=Plur|Tense=Past|VerbForm=Fin|Voice=Mid	_	_	_	@ztr1976f-words#@ztr1976f#568.91#569.202
706	да	да	PART	_	_	_	_	_	@ztr1976f-words#@ztr1976f#569.202#569.5
707	это	это	PRON	_	Animacy=Inan|Case=Nom|Gender=Neut|Number=Sing	_	_	_	@ztr1976f-words#@ztr1976f#578.02#578.38
708	эстрада	эстрада	NOUN	_	Animacy=Inan|Case=Nom|Gender=Fem|Number=Sing	_	_	_	@ztr1976f-words#@ztr1976f#578.38#578.74
709	?	?	PUNCT	_	_	_	_	_	@ztr1976f-words#@ztr1976f#578.74#579.1
710	это	это	PRON	_	_	_	_	_	@ztr1976f-words#@ztr1976f#579.65#579.956
711	эстрада	эстрада	NOUN	_	Animacy=Inan|Case=Nom|Gender=Fem|Number=Sing	_	_	_	@ztr1976f-words#@ztr1976f#579.956#580.262
712	?	?	PUNCT	_	_	_	_	_	@ztr1976f-words#@ztr1976f#580.262#580.57
713	но	но	CCONJ	_	_	_	_	_	@ztr1976f-words#@ztr1976f#580.91#581.188
714	/	/	PUNCT	_	_	_	_	_	@ztr1976f-words#@ztr1976f#581.188#581.466
715	нет	нет	VERB	_	Aspect=Imp|Mood=Ind|Number=Sing|Person=3|Tense=Pres|VerbForm=Fin|Voice=Act	_	_	_	@ztr1976f-words#@ztr1976f#581.466#581.744
716	это	этот	PRON	_	Animacy=Inan|Case=Nom|Gender=Neut|Number=Sing	_	_	_	@ztr1976f-words#@ztr1976f#581.744#582.022
717	рок	рок	NOUN	_	Animacy=Inan|Case=Nom|Gender=Masc|Number=Sing	_	_	_	@ztr1976f-words#@ztr1976f#582.022#582.3
718	да	да	PART	_	_	_	_	_	@ztr1976f-words#@ztr1976f#584.81#585.071
719	/	/	PUNCT	_	_	_	_	_	@ztr1976f-words#@ztr1976f#585.071#585.332
720	это	это	PRON	_	Animacy=Inan|Case=Nom|Gender=Neut|Number=Sing	_	_	_	@ztr1976f-words#@ztr1976f#585.332#585.593
721	их	их	DET	_	_	_	_	_	@ztr1976f-words#@ztr1976f#585.593#585.854
722	профессия	профессия	NOUN	_	Animacy=Inan|Case=Nom|Gender=Fem|Number=Sing	_	_	_	@ztr1976f-words#@ztr1976f#585.854#586.115
723	?	?	PUNCT	_	_	_	_	_	@ztr1976f-words#@ztr1976f#586.115#586.38
724	это	это	PRON	_	Animacy=Inan|Case=Nom|Gender=Neut|Number=Sing	_	_	_	@ztr1976f-words#@ztr1976f#587.76#588.183
725	их	их	DET	_	_	_	_	_	@ztr1976f-words#@ztr1976f#588.183#588.606
726	профессия	профессия	NOUN	_	Animacy=Inan|Case=Nom|Gender=Fem|Number=Sing	_	_	_	@ztr1976f-words#@ztr1976f#588.606#589.03
727	я	я	PRON	_	Case=Nom|Number=Sing|Person=1	_	_	_	@ztr1976f-words#@ztr1976f#589.06#589.28
728	э	эра	NOUN	_	Case=Gen|Degree=Pos|Gender=Fem|Number=Sing	_	_	_	@ztr1976f-words#@ztr1976f#589.28#589.5
729	ой	а	ADJ	_	Case=Gen|Degree=Pos|Gender=Fem|Number=Sing	_	_	_	@ztr1976f-words#@ztr1976f#589.5#589.72
730	нам	мы	PRON	_	Case=Dat|Number=Plur|Person=1	_	_	_	@ztr1976f-words#@ztr1976f#589.72#589.94
731	очень	очень	ADV	_	Degree=Pos	_	_	_	@ztr1976f-words#@ztr1976f#589.94#590.16
732	часто	часто	ADV	_	Degree=Pos	_	_	_	@ztr1976f-words#@ztr1976f#590.16#590.38
733	отказывают	отказывать	VERB	_	Aspect=Imp|Mood=Ind|Number=Plur|Person=3|Tense=Pres|VerbForm=Fin|Voice=Act	_	_	_	@ztr1976f-words#@ztr1976f#590.38#590.6
734	нам	мы	PRON	_	Case=Dat|Number=Plur|Person=1	_	_	_	@ztr1976f-words#@ztr1976f#590.61#590.936
735	музыкантам	музыкант	NOUN	_	Animacy=Anim|Case=Dat|Gender=Masc|Number=Plur	_	_	_	@ztr1976f-words#@ztr1976f#590.936#591.262
736	очень	очень	ADV	_	Degree=Pos	_	_	_	@ztr1976f-words#@ztr1976f#591.262#591.588
737	часто	часто	ADV	_	Degree=Pos	_	_	_	@ztr1976f-words#@ztr1976f#591.588#591.914
738	отказывают	отказывать	VERB	_	Aspect=Imp|Mood=Ind|Number=Plur|Person=3|Tense=Pres|VerbForm=Fin|Voice=Act	_	_	_	@ztr1976f-words#@ztr1976f#591.914#592.24
739	в	в	ADP	_	_	_	_	_	@ztr1976f-words#@ztr1976f#592.24#592.566
740	этом	это	PRON	_	Animacy=Inan|Case=Loc|Gender=Neut|Number=Sing	_	_	_	@ztr1976f-words#@ztr1976f#592.566#592.892
741	/	/	PUNCT	_	_	_	_	_	@ztr1976f-words#@ztr1976f#592.892#593.218
742	праве	право	NOUN	_	Animacy=Inan|Case=Loc|Gender=Neut|Number=Sing	_	_	_	@ztr1976f-words#@ztr1976f#593.218#593.544
743	/	/	PUNCT	_	_	_	_	_	@ztr1976f-words#@ztr1976f#593.544#593.87
744	это	это	PRON	_	Animacy=Inan|Case=Nom|Gender=Neut|Number=Sing	_	_	_	@ztr1976f-words#@ztr1976f#593.87#594.196
745	моя	мой	DET	_	Case=Nom|Gender=Fem|Number=Sing	_	_	_	@ztr1976f-words#@ztr1976f#594.196#594.522
746	профессия	профессия	NOUN	_	Animacy=Inan|Case=Nom|Gender=Fem|Number=Sing	_	_	_	@ztr1976f-words#@ztr1976f#594.522#594.86
747	ну	ну	PART	_	_	_	_	_	@ztr1976f-words#@ztr1976f#595.44#595.717
748	конечно	конечно	ADV	_	Degree=Pos	_	_	_	@ztr1976f-words#@ztr1976f#595.717#595.994
749	же	же	PART	_	_	_	_	_	@ztr1976f-words#@ztr1976f#595.994#596.271
750	/	/	PUNCT	_	_	_	_	_	@ztr1976f-words#@ztr1976f#596.271#596.548
751	видите	видеть	VERB	_	Aspect=Imp|Mood=Ind|Number=Plur|Person=2|Tense=Pres|VerbForm=Fin|Voice=Act	_	_	_	@ztr1976f-words#@ztr1976f#596.548#596.825
752	вы	вы	PRON	_	Case=Nom|Number=Plur|Person=2	_	_	_	@ztr1976f-words#@ztr1976f#596.825#597.102
753	говорите	говорить	VERB	_	Aspect=Imp|Mood=Ind|Number=Plur|Person=2|Tense=Pres|VerbForm=Fin|Voice=Act	_	_	_	@ztr1976f-words#@ztr1976f#597.102#597.379
754	/	/	PUNCT	_	_	_	_	_	@ztr1976f-words#@ztr1976f#597.379#597.656
755	протест	протест	NOUN	_	Animacy=Inan|Case=Nom|Gender=Masc|Number=Sing	_	_	_	@ztr1976f-words#@ztr1976f#597.656#597.933
756	э	эра	X	_	Foreign=Yes	_	_	_	@ztr1976f-words#@ztr1976f#597.933#598.21
757	окей	окей	NOUN	_	Animacy=Inan|Case=Ins|Gender=Fem|Number=Sing	_	_	_	@ztr1976f-words#@ztr1976f#612.78#613.44
758	нет	нет	VERB	_	Aspect=Imp|Mood=Ind|Number=Sing|Person=3|Tense=Pres|VerbForm=Fin|Voice=Act	_	_	_	@ztr1976f-words#@ztr1976f#618.7#619.42
759	согласна	согласный	ADJ	_	Degree=Pos|Gender=Fem|Number=Sing|Variant=Short	_	_	_	@ztr1976f-words#@ztr1976f#619.58#619.863
760	с	с	ADP	_	_	_	_	_	@ztr1976f-words#@ztr1976f#619.863#620.146
761	вами	вы	PRON	_	Case=Ins|Number=Plur|Person=2	_	_	_	@ztr1976f-words#@ztr1976f#620.146#620.43
762	нет	нет	VERB	_	Aspect=Imp|Mood=Ind|Number=Sing|Person=3|Tense=Pres|VerbForm=Fin|Voice=Act	_	_	_	@ztr1976f-words#@ztr1976f#650.21#651.07
763	это...	это...	PROPN	_	Animacy=Anim|Case=Ins|Gender=Fem|Number=Sing	_	_	_	@ztr1976f-words#@ztr1976f#651.13#651.45
764	этот	этот	DET	_	Case=Acc|Gender=Masc|Number=Sing	_	_	_	@ztr1976f-words#@ztr1976f#651.45#651.77
765	жанр	жанр	NOUN	_	Animacy=Inan|Case=Acc|Gender=Masc|Number=Sing	_	_	_	@ztr1976f-words#@ztr1976f#651.77#652.09
766	не	не	PART	_	_	_	_	_	@ztr1976f-words#@ztr1976f#652.09#652.41
767	относится	относиться	VERB	_	Aspect=Imp|Mood=Ind|Number=Sing|Person=3|Tense=Pres|VerbForm=Fin|Voice=Mid	_	_	_	@ztr1976f-words#@ztr1976f#652.41#652.73
768	э	эра	NOUN	_	Animacy=Inan|Case=Nom|Gender=Neut|Number=Sing	_	_	_	@ztr1976f-words#@ztr1976f#652.73#653.05
769	к	к	ADP	_	_	_	_	_	@ztr1976f-words#@ztr1976f#653.05#653.37
770	числу	число	NOUN	_	Animacy=Inan|Case=Dat|Gender=Neut|Number=Sing	_	_	_	@ztr1976f-words#@ztr1976f#653.37#653.69
771	моих	мой	DET	_	Case=Gen|Number=Plur	_	_	_	@ztr1976f-words#@ztr1976f#653.69#654.01
772	любимых	любимый	ADJ	_	Case=Gen|Degree=Pos|Number=Plur	_	_	_	@ztr1976f-words#@ztr1976f#654.01#654.33
773	что	что	PRON	_	Case=Nom	_	_	_	@ztr1976f-words#@ztr1976f#654.97#655.277
774	касается	касаться	VERB	_	Aspect=Imp|Mood=Ind|Number=Sing|Person=3|Tense=Pres|VerbForm=Fin|Voice=Mid	_	_	_	@ztr1976f-words#@ztr1976f#655.277#655.584
775	протеста	протест	NOUN	_	Animacy=Inan|Case=Gen|Gender=Masc|Number=Sing	_	_	_	@ztr1976f-words#@ztr1976f#655.584#655.891
776	/	/	PUNCT	_	_	_	_	_	@ztr1976f-words#@ztr1976f#655.891#656.198
777	ну	ну	PART	_	_	_	_	_	@ztr1976f-words#@ztr1976f#656.198#656.505
778	вот	вот	PART	_	_	_	_	_	@ztr1976f-words#@ztr1976f#656.505#656.812
779	/	/	PUNCT	_	_	_	_	_	@ztr1976f-words#@ztr1976f#656.812#657.119
780	кстати	кстати	ADV	_	Degree=Pos	_	_	_	@ztr1976f-words#@ztr1976f#657.119#657.426
781	/	/	PUNCT	_	_	_	_	_	@ztr1976f-words#@ztr1976f#657.426#657.733
782	если	если	SCONJ	_	_	_	_	_	@ztr1976f-words#@ztr1976f#657.733#658.04
783	говорить	говорить	VERB	_	Aspect=Imp|VerbForm=Inf|Voice=Act	_	_	_	@ztr1976f-words#@ztr1976f#658.04#658.347
784	о	о	ADP	_	_	_	_	_	@ztr1976f-words#@ztr1976f#658.347#658.654
785	том	то	PRON	_	Animacy=Inan|Case=Loc|Gender=Neut|Number=Sing	_	_	_	@ztr1976f-words#@ztr1976f#658.654#658.961
786	/	/	PUNCT	_	_	_	_	_	@ztr1976f-words#@ztr1976f#658.961#659.268
787	люблю	любить	VERB	_	Aspect=Imp|Mood=Ind|Number=Sing|Person=1|Tense=Pres|VerbForm=Fin|Voice=Act	_	_	_	@ztr1976f-words#@ztr1976f#659.268#659.575
788	ли	ли	PART	_	_	_	_	_	@ztr1976f-words#@ztr1976f#659.575#659.882
789	я	я	PRON	_	Case=Nom|Number=Sing|Person=1	_	_	_	@ztr1976f-words#@ztr1976f#659.882#660.189
790	рок	рок	NOUN	_	Animacy=Inan|Case=Nom|Gender=Masc|Number=Sing	_	_	_	@ztr1976f-words#@ztr1976f#660.189#660.496
791	/	/	PUNCT	_	_	_	_	_	@ztr1976f-words#@ztr1976f#660.496#660.803
792	выделяю	выделять	VERB	_	Aspect=Imp|Mood=Ind|Number=Sing|Person=1|Tense=Pres|VerbForm=Fin|Voice=Act	_	_	_	@ztr1976f-words#@ztr1976f#660.803#661.11
793	ли	ли	PART	_	_	_	_	_	@ztr1976f-words#@ztr1976f#661.11#661.417
794	я	я	PRON	_	Case=Nom|Number=Sing|Person=1	_	_	_	@ztr1976f-words#@ztr1976f#661.417#661.724
795	его	он	PRON	_	Case=Acc|Gender=Masc|Number=Sing|Person=3	_	_	_	@ztr1976f-words#@ztr1976f#661.724#662.031
796	из	из	ADP	_	_	_	_	_	@ztr1976f-words#@ztr1976f#662.031#662.338
797	других	другой	ADJ	_	Case=Gen|Degree=Pos|Number=Plur	_	_	_	@ztr1976f-words#@ztr1976f#662.338#662.645
798	жанров	жанр	NOUN	_	Animacy=Inan|Case=Gen|Gender=Masc|Number=Plur	_	_	_	@ztr1976f-words#@ztr1976f#662.645#662.952
799	/	/	PUNCT	_	_	_	_	_	@ztr1976f-words#@ztr1976f#662.952#663.259
800	да	да	PART	_	_	_	_	_	@ztr1976f-words#@ztr1976f#663.259#663.57
801	именно	именно	PART	_	_	_	_	_	@ztr1976f-words#@ztr1976f#663.88#664.258
802	потому	потому	ADV	_	Degree=Pos	_	_	_	@ztr1976f-words#@ztr1976f#664.258#664.636
803	что	что	SCONJ	_	_	_	_	_	@ztr1976f-words#@ztr1976f#664.636#665.014
804	я	я	PRON	_	Case=Nom|Number=Sing|Person=1	_	_	_	@ztr1976f-words#@ztr1976f#665.014#665.392
805	/	/	PUNCT	_	_	_	_	_	@ztr1976f-words#@ztr1976f#665.392#665.77
806	чувствую	чувствовать	VERB	_	Aspect=Imp|Mood=Ind|Number=Sing|Person=1|Tense=Pres|VerbForm=Fin|Voice=Act	_	_	_	@ztr1976f-words#@ztr1976f#665.77#666.148
807	в	в	ADP	_	_	_	_	_	@ztr1976f-words#@ztr1976f#666.148#666.526
808	себе	себя	PRON	_	Case=Loc	_	_	_	@ztr1976f-words#@ztr1976f#666.526#666.904
809	протест	протест	NOUN	_	Animacy=Inan|Case=Acc|Gender=Masc|Number=Sing	_	_	_	@ztr1976f-words#@ztr1976f#666.904#667.29
810	при	при	ADP	_	_	_	_	_	@ztr1976f-words#@ztr1976f#668.33#668.635
811	этом	это	PRON	_	Animacy=Inan|Case=Loc|Gender=Neut|Number=Sing	_	_	_	@ztr1976f-words#@ztr1976f#668.635#668.94
812	я	я	PRON	_	Case=Nom|Number=Sing|Person=1	_	_	_	@ztr1976f-words#@ztr1976f#668.94#669.245
813	успешна	успешть	VERB	_	Aspect=Perf|Gender=Fem|Number=Sing|Tense=Past|Variant=Short|VerbForm=Part|Voice=Pass	_	_	_	@ztr1976f-words#@ztr1976f#669.245#669.55
814	не	не	PART	_	_	_	_	_	@ztr1976f-words#@ztr1976f#671.62#671.882
815	бедна	бедный	ADJ	_	Degree=Pos|Gender=Fem|Number=Sing|Variant=Short	_	_	_	@ztr1976f-words#@ztr1976f#671.882#672.144
816	/	/	PUNCT	_	_	_	_	_	@ztr1976f-words#@ztr1976f#672.144#672.406
817	но	но	CCONJ	_	_	_	_	_	@ztr1976f-words#@ztr1976f#672.406#672.668
818	я	я	PRON	_	Case=Nom|Number=Sing|Person=1	_	_	_	@ztr1976f-words#@ztr1976f#672.668#672.93
819	чувствую	чувствовать	VERB	_	Aspect=Imp|Mood=Ind|Number=Sing|Person=1|Tense=Pres|VerbForm=Fin|Voice=Act	_	_	_	@ztr1976f-words#@ztr1976f#672.93#673.192
820	в	в	ADP	_	_	_	_	_	@ztr1976f-words#@ztr1976f#673.192#673.454
821	себе	себя	PRON	_	Case=Loc	_	_	_	@ztr1976f-words#@ztr1976f#673.454#673.716
822	протест	протест	NOUN	_	Animacy=Inan|Case=Acc|Gender=Masc|Number=Sing	_	_	_	@ztr1976f-words#@ztr1976f#673.716#673.978
823	/	/	PUNCT	_	_	_	_	_	@ztr1976f-words#@ztr1976f#673.978#674.24
824	я	я	PRON	_	Case=Nom|Number=Sing|Person=1	_	_	_	@ztr1976f-words#@ztr1976f#674.24#674.502
825	не	не	PART	_	_	_	_	_	@ztr1976f-words#@ztr1976f#674.502#674.764
826	конформист	конформист	NOUN	_	Animacy=Inan|Case=Acc|Gender=Masc|Number=Sing	_	_	_	@ztr1976f-words#@ztr1976f#674.764#675.03
827	я	я	PRON	_	Case=Nom|Number=Sing|Person=1	_	_	_	@ztr1976f-words#@ztr1976f#676.45#676.811
828	я	я	PRON	_	Case=Nom|Number=Sing|Person=1	_	_	_	@ztr1976f-words#@ztr1976f#676.811#677.172
829	независима	независимый	ADJ	_	Degree=Pos|Gender=Fem|Number=Sing|Variant=Short	_	_	_	@ztr1976f-words#@ztr1976f#677.172#677.533
830	/	/	PUNCT	_	_	_	_	_	@ztr1976f-words#@ztr1976f#677.533#677.894
831	я	я	PRON	_	Case=Nom|Number=Sing|Person=1	_	_	_	@ztr1976f-words#@ztr1976f#677.894#678.255
832	сражаюсь	сражаться	VERB	_	Aspect=Imp|Mood=Ind|Number=Sing|Person=1|Tense=Pres|VerbForm=Fin|Voice=Mid	_	_	_	@ztr1976f-words#@ztr1976f#678.255#678.616
833	за	за	ADP	_	_	_	_	_	@ztr1976f-words#@ztr1976f#678.616#678.977
834	свою	свой	DET	_	Case=Acc|Gender=Fem|Number=Sing	_	_	_	@ztr1976f-words#@ztr1976f#678.977#679.338
835	независимость	независимость	NOUN	_	Animacy=Inan|Case=Acc|Gender=Fem|Number=Sing	_	_	_	@ztr1976f-words#@ztr1976f#679.338#679.7
836	м	метр	NOUN	_	Animacy=Inan|Case=Gen|Gender=Masc|Number=Sing	_	_	_	@ztr1976f-words#@ztr1976f#681.98#682.7
837	нет	нет	VERB	_	Aspect=Imp|Mood=Ind|Number=Sing|Person=3|Tense=Pres|VerbForm=Fin|Voice=Act	_	_	_	@ztr1976f-words#@ztr1976f#731.95#732.224
838	/	/	PUNCT	_	_	_	_	_	@ztr1976f-words#@ztr1976f#732.224#732.498
839	я	я	PRON	_	Case=Nom|Number=Sing|Person=1	_	_	_	@ztr1976f-words#@ztr1976f#732.498#732.772
840	не	не	PART	_	_	_	_	_	@ztr1976f-words#@ztr1976f#732.772#733.046
841	согласна	согласный	ADJ	_	Degree=Pos|Gender=Fem|Number=Sing|Variant=Short	_	_	_	@ztr1976f-words#@ztr1976f#733.046#733.32
842	что	что	SCONJ	_	_	_	_	_	@ztr1976f-words#@ztr1976f#733.32#733.594
843	протестующий	протестовать	VERB	_	Aspect=Imp|Case=Nom|Gender=Masc|Number=Sing|Tense=Pres|VerbForm=Part|Voice=Act	_	_	_	@ztr1976f-words#@ztr1976f#733.594#733.868
844	человек	человек	NOUN	_	Animacy=Anim|Case=Nom|Gender=Masc|Number=Sing	_	_	_	@ztr1976f-words#@ztr1976f#733.868#734.142
845	не	не	PART	_	_	_	_	_	@ztr1976f-words#@ztr1976f#734.142#734.416
846	может	мочь	VERB	_	Aspect=Imp|Mood=Ind|Number=Sing|Person=3|Tense=Pres|VerbForm=Fin|Voice=Act	_	_	_	@ztr1976f-words#@ztr1976f#734.416#734.69
847	ездить	ездить	VERB	_	Aspect=Imp|VerbForm=Inf|Voice=Act	_	_	_	@ztr1976f-words#@ztr1976f#734.69#734.964
848	на	на	ADP	_	_	_	_	_	@ztr1976f-words#@ztr1976f#734.964#735.238
849	Bentley	Bentley	PROPN	_	Foreign=Yes	_	_	_	@ztr1976f-words#@ztr1976f#735.238#735.512
850	/	/	PUNCT	_	_	_	_	_	@ztr1976f-words#@ztr1976f#735.512#735.786
851	хотите	хотеть	VERB	_	Aspect=Imp|Mood=Ind|Number=Plur|Person=2|Tense=Pres|VerbForm=Fin|Voice=Act	_	_	_	@ztr1976f-words#@ztr1976f#735.786#736.06
852	сказать	сказать	VERB	_	Aspect=Perf|VerbForm=Inf|Voice=Act	_	_	_	@ztr1976f-words#@ztr1976f#736.06#736.334
853	мне	я	PRON	_	Case=Dat|Number=Sing|Person=1	_	_	_	@ztr1976f-words#@ztr1976f#736.334#736.608
854	вы	вы	PRON	_	Case=Nom|Number=Plur|Person=2	_	_	_	@ztr1976f-words#@ztr1976f#736.608#736.882
855	?	?	PUNCT	_	_	_	_	_	@ztr1976f-words#@ztr1976f#736.882#737.17
856	я	я	PRON	_	Case=Nom|Number=Sing|Person=1	_	_	_	@ztr1976f-words#@ztr1976f#737.41#737.666
857	с	с	ADP	_	_	_	_	_	@ztr1976f-words#@ztr1976f#737.666#737.922
858	этим	это	PRON	_	Animacy=Inan|Case=Ins|Gender=Neut|Number=Sing	_	_	_	@ztr1976f-words#@ztr1976f#737.922#738.178
859	не	не	PART	_	_	_	_	_	@ztr1976f-words#@ztr1976f#738.178#738.434
860	согласна	согласный	ADJ	_	Degree=Pos|Gender=Fem|Number=Sing|Variant=Short	_	_	_	@ztr1976f-words#@ztr1976f#738.434#738.69
861	у	у	ADP	_	_	_	_	_	@ztr1976f-words#@ztr1976f#738.73#739.04
862	меня	я	PRON	_	Case=Gen|Number=Sing|Person=1	_	_	_	@ztr1976f-words#@ztr1976f#739.04#739.35
863	нет	нет	VERB	_	Aspect=Imp|Mood=Ind|Number=Sing|Person=3|Tense=Pres|VerbForm=Fin|Voice=Act	_	_	_	@ztr1976f-words#@ztr1976f#739.35#739.66
864	Bentley	Bentley	PROPN	_	Foreign=Yes	_	_	_	@ztr1976f-words#@ztr1976f#739.66#739.97
865	/	/	PUNCT	_	_	_	_	_	@ztr1976f-words#@ztr1976f#739.97#740.28
866	но	но	CCONJ	_	_	_	_	_	@ztr1976f-words#@ztr1976f#740.28#740.59
867	/	/	PUNCT	_	_	_	_	_	@ztr1976f-words#@ztr1976f#740.59#740.9
868	есть	быть	VERB	_	Aspect=Imp|Mood=Ind|Number=Sing|Person=3|Tense=Pres|VerbForm=Fin|Voice=Act	_	_	_	@ztr1976f-words#@ztr1976f#740.9#741.21
869	другая	другой	ADJ	_	Case=Nom|Degree=Pos|Gender=Fem|Number=Sing	_	_	_	@ztr1976f-words#@ztr1976f#741.21#741.52
870	машина	машина	NOUN	_	Animacy=Inan|Case=Nom|Gender=Fem|Number=Sing	_	_	_	@ztr1976f-words#@ztr1976f#741.52#741.83
871	/	/	PUNCT	_	_	_	_	_	@ztr1976f-words#@ztr1976f#741.83#742.14
872	чуть	чуть	ADV	_	Degree=Pos	_	_	_	@ztr1976f-words#@ztr1976f#742.14#742.45
873	похуже	плохой	ADJ	_	Degree=Cmp	_	_	_	@ztr1976f-words#@ztr1976f#742.45#742.76
874	/	/	PUNCT	_	_	_	_	_	@ztr1976f-words#@ztr1976f#742.76#743.07
875	но	но	CCONJ	_	_	_	_	_	@ztr1976f-words#@ztr1976f#743.07#743.38
876	/	/	PUNCT	_	_	_	_	_	@ztr1976f-words#@ztr1976f#743.38#743.69
877	я	я	PRON	_	Case=Nom|Number=Sing|Person=1	_	_	_	@ztr1976f-words#@ztr1976f#743.69#744.0
878	считаю	считать	VERB	_	Aspect=Imp|Mood=Ind|Number=Sing|Person=1|Tense=Pres|VerbForm=Fin|Voice=Act	_	_	_	@ztr1976f-words#@ztr1976f#744.0#744.31
879	что	что	SCONJ	_	_	_	_	_	@ztr1976f-words#@ztr1976f#744.31#744.62
880	во	в	ADP	_	_	_	_	_	@ztr1976f-words#@ztr1976f#744.62#744.93
881	мне	я	PRON	_	Case=Loc|Number=Sing|Person=1	_	_	_	@ztr1976f-words#@ztr1976f#744.93#745.24
882	есть	быть	VERB	_	Aspect=Imp|Mood=Ind|Number=Sing|Person=3|Tense=Pres|VerbForm=Fin|Voice=Act	_	_	_	@ztr1976f-words#@ztr1976f#745.24#745.55
883	протест	протест	NOUN	_	Animacy=Inan|Case=Nom|Gender=Masc|Number=Sing	_	_	_	@ztr1976f-words#@ztr1976f#745.55#745.87
884	не	не	PART	_	_	_	_	_	@ztr1976f-words#@ztr1976f#746.14#746.56
885	вижу	видеть	VERB	_	Aspect=Imp|Mood=Ind|Number=Sing|Person=1|Tense=Pres|VerbForm=Fin|Voice=Act	_	_	_	@ztr1976f-words#@ztr1976f#746.56#746.98
886	противоречия	противоречие	NOUN	_	Animacy=Inan|Case=Acc|Gender=Neut|Number=Plur	_	_	_	@ztr1976f-words#@ztr1976f#746.98#747.4

